productid,productname,categoryid,brand,price
465,Milesto Belt 934,14,Milesto,25069.81
431,Primex Sandals 920,13,Primex,27892.59
472,Milesto Smart Watch 180,14,Milesto,19920.81
176,Xolo Moisturizer 455,6,Xolo,24598.73
301,Milesto Cooking Oil 966,9,Milesto,37049.11
400,Trendex Refrigerator 929,12,Trendex,26380.88
456,Xolo Wallet 750,14,Xolo,17918.16
489,Primex Wallet 726,14,Primex,13278.42
383,Milesto Bike Helmet 703,11,Milesto,18539.6
109,Kravon Cookware Set 385,4,Kravon,39786.36
71,Orbex T-Shirt 182,3,Orbex,39190.49
450,Vantra Sports Slippers 347,13,Vantra,33108.33
100,Milesto Shirt 735,3,Milesto,34525.07
269,Kravon Baby Stroller 738,8,Kravon,31924.87
134,Trendex Cookware Set 509,4,Trendex,11373.49
9,Novatek Home Theatre 194,1,Novatek,17599.67
334,Xolo Office Chair 590,10,Xolo,39005.27
104,Primex Dress 373,3,Primex,7490.26
517,Xolo Whiteboard 609,15,Xolo,40915.06
445,Vantra Sports Slippers 640,13,Vantra,19584.07
335,Novatek Sofa Set 602,10,Novatek,32826.98
422,Urbanix Sports Slippers 711,13,Urbanix,17452.77
155,Trendex Comic Book 129,5,Trendex,18008.66
240,Novatek Cricket Bat 891,7,Novatek,18710.22
135,Novatek Mixer Grinder 897,4,Novatek,19670.7
518,Zynora Whiteboard 757,15,Zynora,44013.58
73,Milesto Jeans 222,3,Milesto,43324.1
118,Kravon Non-Stick Pan 541,4,Kravon,3403.8
434,Novatek Sports Slippers 391,13,Novatek,4040.48
125,Primex Water Bottle 540,4,Primex,36186.75
217,Zynora Dumbbell Set 776,7,Zynora,3917.39
495,Kravon Pen Pack 620,15,Kravon,10469.27
12,Novatek Camera 665,1,Novatek,13626.57
470,Kravon Wallet 291,14,Kravon,22925.11
324,Xolo Bed Frame 383,10,Xolo,39514.0
26,Kravon Camera 324,1,Kravon,45876.52
268,Novatek Remote Car 580,8,Novatek,35992.86
193,Zynora Face Wash 326,6,Zynora,18720.57
158,Vantra Comic Book 677,5,Vantra,30564.39
468,Zynora Sunglasses 227,14,Zynora,36808.88
139,Vantra Cookware Set 934,4,Vantra,33141.75
373,Zynora Car Cover 435,11,Zynora,5694.28
454,Orbex Sports Slippers 619,13,Orbex,36216.68
242,Milesto Football 155,7,Milesto,8790.28
519,Primex Desk Organizer 924,15,Primex,37175.6
258,Trendex Remote Car 651,8,Trendex,22381.84
446,Primex Formal Shoes 408,13,Primex,5779.65
66,Zynora Charger 533,2,Zynora,32102.89
270,Kravon Building Blocks 972,8,Kravon,31084.57
107,Kravon Cookware Set 412,4,Kravon,37779.57
345,Urbanix Study Table 803,10,Urbanix,42471.71
181,Zynora Moisturizer 730,6,Zynora,37214.52
411,Kravon Washing Machine 417,12,Kravon,44519.5
248,Xolo Puzzle Set 665,8,Xolo,24331.321203883494
379,Milesto Seat Cushion 396,11,Milesto,5473.94
213,Orbex Dumbbell Set 489,7,Orbex,20832.56
190,Novatek Shampoo 347,6,Novatek,33178.42
279,Urbanix Remote Car 279,8,Urbanix,3815.75
201,Novatek Perfume 952,6,Novatek,9089.59
67,Trendex Phone Stand 258,2,Trendex,8896.32
19,Urbanix Laptop 573,1,Urbanix,17578.06
266,Novatek Soft Toy 638,8,Novatek,41897.23
408,Novatek Air Conditioner 437,12,Novatek,4527.37
484,Kravon Sunglasses 554,14,Kravon,35148.27
337,Novatek Bookshelf 229,10,Novatek,12794.73
143,Orbex Cookbook 596,5,Orbex,28904.08
164,Orbex Novel 153,5,Orbex,45994.78
48,Orbex Phone Stand 335,2,Orbex,27149.56
160,Xolo Self-Help Book 366,5,Xolo,17561.96
315,Xolo Spice Combo 806,9,Xolo,17169.27
56,Novatek Smartphone 162,2,Novatek,18639.05
90,Xolo Shirt 194,3,Xolo,29249.23
263,Milesto Soft Toy 779,8,Milesto,36490.63
63,Urbanix Mobile Cover 516,2,Urbanix,22441.36
304,Vantra Spice Combo 490,9,Vantra,37865.71
341,Orbex Office Chair 838,10,Orbex,39838.55
347,Novatek Sofa Set 862,10,Novatek,34035.86
69,Kravon Smartphone 158,2,Kravon,2495.52
355,Vantra Car Cover 331,11,Vantra,37169.74
428,Primex Sneakers 476,13,Primex,31265.45
351,Xolo Seat Cushion 394,11,Xolo,27697.78
437,Trendex Sandals 457,13,Trendex,42814.61
449,Vantra Sneakers 648,13,Vantra,951.74
338,Orbex Bed Frame 829,10,Orbex,15092.49
211,Novatek Cricket Bat 354,7,Novatek,5624.08
512,Vantra Pen Pack 694,15,Vantra,24331.321203883494
245,Zynora Dumbbell Set 548,7,Zynora,40541.78
7,Urbanix Bluetooth Speaker 814,1,Urbanix,19554.74
432,Xolo Formal Shoes 756,13,Xolo,22210.05
196,Kravon Moisturizer 460,6,Kravon,32389.76
64,Milesto Mobile Cover 160,2,Milesto,7739.38
203,Urbanix Moisturizer 380,6,Urbanix,2283.62
140,Milesto Storage Container 950,4,Milesto,41732.95
65,Milesto Smartphone 371,2,Milesto,42633.53
404,Primex Refrigerator 824,12,Primex,20248.33
340,Milesto Bed Frame 201,10,Milesto,36522.8
467,Kravon Sunglasses 982,14,Kravon,35961.54
356,Vantra Tyre Inflator 728,11,Vantra,31112.93
46,Trendex Screen Guard 629,2,Trendex,20877.07
121,Kravon Cookware Set 512,4,Kravon,32131.15
81,Zynora Saree 235,3,Zynora,42942.28
15,Primex Wireless Earbuds 987,1,Primex,4824.87
406,Kravon Air Conditioner 389,12,Kravon,17942.68
300,Trendex Rice Pack 177,9,Trendex,6645.67
124,Orbex Cookware Set 953,4,Orbex,217.59
368,Orbex Bike Helmet 216,11,Orbex,16007.92
476,Kravon Wallet 557,14,Kravon,2138.87
276,Xolo Building Blocks 432,8,Xolo,36662.37
302,Novatek Spice Combo 909,9,Novatek,18270.51
254,Novatek Remote Car 382,8,Novatek,35587.52
222,Vantra Cricket Bat 777,7,Vantra,37017.88
101,Urbanix Jeans 919,3,Urbanix,37332.34
451,Milesto Formal Shoes 101,13,Milesto,28357.28
307,Primex Snack Box 763,9,Primex,3094.34
103,Milesto Kurta 921,3,Milesto,30880.75
312,Milesto Snack Box 701,9,Milesto,34194.92
343,Milesto Sofa Set 525,10,Milesto,33615.25
415,Novatek Air Purifier 761,12,Novatek,30905.89
482,Kravon Sunglasses 492,14,Kravon,43684.59
195,Orbex Lipstick 643,6,Orbex,15943.09
283,Zynora Tea Pack 793,9,Zynora,25233.19
161,Trendex Self-Help Book 434,5,Trendex,15656.53
442,Urbanix Sneakers 877,13,Urbanix,32512.56
170,Vantra Textbook 865,5,Vantra,33099.76
277,Kravon Baby Stroller 483,8,Kravon,19924.45
486,Zynora Sunglasses 355,14,Zynora,44190.82
267,Urbanix Building Blocks 519,8,Urbanix,40087.73
262,Xolo Soft Toy 425,8,Xolo,34306.5
207,Urbanix Perfume 152,6,Urbanix,24331.321203883494
363,Kravon Bike Helmet 419,11,Kravon,33248.1
47,Primex Mobile Cover 165,2,Primex,15683.32
230,Primex Yoga Mat 790,7,Primex,38485.9
165,Primex Cookbook 765,5,Primex,3341.72
130,Zynora Non-Stick Pan 330,4,Zynora,37139.58
14,Primex Bluetooth Speaker 891,1,Primex,13452.97
275,Trendex Building Blocks 270,8,Trendex,31984.25
93,Trendex Jeans 664,3,Trendex,32518.57
327,Xolo Bookshelf 466,10,Xolo,36380.3
471,Kravon Wallet 916,14,Kravon,23981.83
229,Kravon Football 718,7,Kravon,11665.85
299,Zynora Tea Pack 864,9,Zynora,40063.18
369,Zynora Car Vacuum Cleaner 794,11,Zynora,31273.67
221,Trendex Cricket Bat 172,7,Trendex,31681.23
62,Xolo Phone Stand 195,2,Xolo,42626.61
77,Kravon Jeans 344,3,Kravon,12364.14
114,Kravon Water Bottle 546,4,Kravon,27963.37
212,Vantra Football 710,7,Vantra,36414.93
364,Vantra Tyre Inflator 186,11,Vantra,40656.07
420,Orbex Refrigerator 889,12,Orbex,24920.5
210,Urbanix Face Wash 252,6,Urbanix,37349.31
459,Vantra Smart Watch 852,14,Vantra,34854.89
34,Orbex Power Bank 880,1,Orbex,8381.26
105,Novatek Dress 491,3,Novatek,40144.24
145,Zynora Self-Help Book 443,5,Zynora,14841.7
25,Vantra Power Bank 538,1,Vantra,41319.29
272,Orbex Soft Toy 136,8,Orbex,28478.64
206,Zynora Moisturizer 580,6,Zynora,22124.11
189,Orbex Perfume 110,6,Orbex,23860.53
252,Primex Soft Toy 567,8,Primex,25446.94
433,Orbex Formal Shoes 205,13,Orbex,32781.16
321,Urbanix Bookshelf 905,10,Urbanix,26056.67
153,Orbex Comic Book 865,5,Orbex,24331.321203883494
83,Orbex Jacket 820,3,Orbex,14054.29
89,Zynora Dress 617,3,Zynora,22573.76
88,Primex Saree 834,3,Primex,15902.92
504,Vantra Whiteboard 286,15,Vantra,35363.4
410,Urbanix Air Purifier 441,12,Urbanix,3931.79
418,Primex Microwave Oven 331,12,Primex,45997.93
409,Zynora Microwave Oven 358,12,Zynora,33346.0
396,Trendex Microwave Oven 138,12,Trendex,2804.56
204,Orbex Face Wash 399,6,Orbex,32140.72
499,Novatek Notebook Set 416,15,Novatek,18434.73
515,Xolo Notebook Set 756,15,Xolo,35511.82
290,Vantra Rice Pack 863,9,Vantra,22949.11
308,Zynora Tea Pack 764,9,Zynora,18898.95
154,Primex Textbook 599,5,Primex,10248.51
40,Primex Screen Guard 159,2,Primex,11230.92
220,Zynora Football 133,7,Zynora,10800.61
85,Zynora Saree 779,3,Zynora,4943.26
215,Zynora Football 682,7,Zynora,28642.05
342,Trendex Sofa Set 333,10,Trendex,19151.66
35,Zynora Wireless Earbuds 961,1,Zynora,29462.89
288,Zynora Snack Box 816,9,Zynora,13720.57
167,Vantra Novel 256,5,Vantra,11124.36
37,Orbex Mobile Cover 897,2,Orbex,42446.48
367,Vantra Seat Cushion 552,11,Vantra,19168.62
163,Zynora Comic Book 954,5,Zynora,3950.31
493,Kravon Backpack 826,15,Kravon,3173.21
313,Milesto Cooking Oil 770,9,Milesto,4734.19
226,Zynora Treadmill 549,7,Zynora,5894.4
227,Milesto Cricket Bat 378,7,Milesto,23120.63
503,Urbanix Backpack 999,15,Urbanix,38169.66
185,Vantra Lipstick 724,6,Vantra,30802.03
455,Orbex Sports Slippers 120,13,Orbex,18081.78
339,Orbex Bed Frame 401,10,Orbex,20979.17
421,Xolo Sports Slippers 777,13,Xolo,15622.81
44,Milesto Phone Stand 316,2,Milesto,42743.24
43,Orbex Charger 269,2,Orbex,12338.59
173,Milesto Comic Book 832,5,Milesto,9282.5
375,Primex Tyre Inflator 612,11,Primex,25788.54
198,Kravon Shampoo 222,6,Kravon,34222.95
405,Orbex Microwave Oven 635,12,Orbex,28128.09
84,Orbex Shirt 108,3,Orbex,30787.13
474,Kravon Smart Watch 776,14,Kravon,13739.31
403,Novatek Air Conditioner 616,12,Novatek,29791.62
171,Zynora Self-Help Book 210,5,Zynora,26702.76
106,Primex Cookware Set 304,4,Primex,37598.67
249,Novatek Remote Car 572,8,Novatek,43574.38
320,Xolo Bed Frame 151,10,Xolo,36234.19
141,Urbanix Comic Book 861,5,Urbanix,39655.47
438,Xolo Sneakers 505,13,Xolo,23190.93
469,Milesto Wallet 861,14,Milesto,20338.94
147,Urbanix Comic Book 823,5,Urbanix,9998.04
506,Novatek Notebook Set 630,15,Novatek,7207.11
113,Xolo Water Bottle 211,4,Xolo,24331.321203883494
505,Milesto Pen Pack 614,15,Milesto,41909.62
414,Urbanix Air Conditioner 786,12,Urbanix,32388.65
97,Xolo Jeans 415,3,Xolo,16900.04
2,Urbanix Laptop 854,1,Urbanix,4893.28
233,Trendex Dumbbell Set 631,7,Trendex,30038.13
349,Orbex Bed Frame 437,10,Orbex,30885.61
330,Novatek Bed Frame 863,10,Novatek,3109.96
401,Kravon Washing Machine 719,12,Kravon,21982.81
192,Trendex Lipstick 558,6,Trendex,36515.33
303,Orbex Spice Combo 226,9,Orbex,21028.2
436,Milesto Sandals 193,13,Milesto,43544.73
397,Novatek Air Conditioner 760,12,Novatek,39781.65
61,Novatek Phone Stand 151,2,Novatek,30067.24
194,Zynora Shampoo 779,6,Zynora,26834.25
13,Vantra Home Theatre 296,1,Vantra,32468.39
429,Trendex Sports Slippers 572,13,Trendex,35439.29
462,Urbanix Analog Watch 164,14,Urbanix,32993.86
448,Novatek Sneakers 213,13,Novatek,38519.3
370,Orbex Seat Cushion 783,11,Orbex,14324.61
239,Trendex Yoga Mat 190,7,Trendex,14603.89
148,Milesto Comic Book 438,5,Milesto,25050.59
22,Milesto Home Theatre 374,1,Milesto,3230.44
255,Kravon Soft Toy 906,8,Kravon,23453.39
273,Zynora Remote Car 332,8,Zynora,34400.9
129,Kravon Storage Container 195,4,Kravon,37682.79
435,Zynora Sandals 560,13,Zynora,41662.02
174,Primex Textbook 204,5,Primex,32130.44
39,Kravon Smartphone 999,2,Kravon,45326.72
508,Kravon Pen Pack 631,15,Kravon,41186.61
257,Vantra Puzzle Set 775,8,Vantra,22624.53
214,Zynora Football 980,7,Zynora,27153.45
271,Milesto Puzzle Set 424,8,Milesto,28906.4
501,Novatek Whiteboard 228,15,Novatek,44733.99
390,Urbanix Refrigerator 891,12,Urbanix,28959.05
94,Xolo Saree 214,3,Xolo,3645.17
500,Orbex Desk Organizer 520,15,Orbex,35426.74
426,Vantra Sneakers 391,13,Vantra,34658.52
287,Primex Rice Pack 490,9,Primex,26393.06
326,Novatek Bookshelf 776,10,Novatek,39882.31
246,Novatek Soft Toy 129,8,Novatek,24331.321203883494
358,Xolo Car Cover 284,11,Xolo,12714.78
95,Urbanix Dress 658,3,Urbanix,1849.09
281,Urbanix Snack Box 337,9,Urbanix,21319.67
348,Orbex Bookshelf 161,10,Orbex,27059.1
131,Xolo Non-Stick Pan 147,4,Xolo,11412.79
72,Vantra T-Shirt 169,3,Vantra,31123.73
187,Trendex Shampoo 317,6,Trendex,16449.98
296,Urbanix Tea Pack 305,9,Urbanix,6251.92
168,Novatek Comic Book 677,5,Novatek,43606.27
398,Vantra Refrigerator 708,12,Vantra,23422.71
111,Kravon Storage Container 128,4,Kravon,5481.65
138,Orbex Cookware Set 672,4,Orbex,27470.72
17,Kravon Smart TV 463,1,Kravon,9794.42
333,Orbex Office Chair 408,10,Orbex,21177.35
318,Xolo Study Table 507,10,Xolo,12834.37
92,Urbanix Shirt 752,3,Urbanix,45073.75
102,Xolo Jacket 283,3,Xolo,33933.65
205,Trendex Shampoo 205,6,Trendex,40169.56
480,Xolo Analog Watch 246,14,Xolo,39068.05
18,Novatek Power Bank 723,1,Novatek,29281.01
21,Primex Bluetooth Speaker 941,1,Primex,1669.19
264,Trendex Remote Car 137,8,Trendex,5981.08
381,Trendex Tyre Inflator 951,11,Trendex,31783.14
516,Primex Backpack 885,15,Primex,26402.88
464,Xolo Analog Watch 423,14,Xolo,42947.39
365,Urbanix Bike Helmet 872,11,Urbanix,28495.99
70,Orbex Charger 973,2,Orbex,24524.58
224,Zynora Dumbbell Set 946,7,Zynora,6713.42
357,Xolo Tyre Inflator 723,11,Xolo,42751.06
407,Vantra Air Conditioner 153,12,Vantra,36345.59
291,Primex Spice Combo 721,9,Primex,36927.48
360,Vantra Bike Helmet 773,11,Vantra,18554.92
525,Orbex Whiteboard 208,15,Orbex,14814.51
352,Novatek Car Cover 691,11,Novatek,23438.49
366,Zynora Car Vacuum Cleaner 553,11,Zynora,30515.79
183,Zynora Moisturizer 430,6,Zynora,39207.46
511,Orbex Whiteboard 195,15,Orbex,23216.85
186,Xolo Perfume 606,6,Xolo,39172.64
305,Novatek Spice Combo 791,9,Novatek,10908.04
133,Milesto Cookware Set 744,4,Milesto,26564.73
391,Vantra Microwave Oven 878,12,Vantra,26738.64
178,Milesto Face Wash 942,6,Milesto,22650.24
325,Urbanix Bookshelf 653,10,Urbanix,11678.96
393,Urbanix Air Conditioner 550,12,Urbanix,3326.51
419,Novatek Washing Machine 402,12,Novatek,38873.82
416,Kravon Air Purifier 118,12,Kravon,16805.97
20,Kravon Laptop 963,1,Kravon,35387.76
49,Novatek Smartphone 824,2,Novatek,29103.52
311,Urbanix Snack Box 497,9,Urbanix,20975.88
490,Primex Wallet 225,14,Primex,6415.36
502,Trendex Notebook Set 577,15,Trendex,31347.99
117,Orbex Mixer Grinder 925,4,Orbex,24860.1
386,Orbex Refrigerator 748,12,Orbex,5421.42
236,Kravon Cricket Bat 786,7,Kravon,4989.67
328,Vantra Bookshelf 431,10,Vantra,921.77
286,Primex Spice Combo 493,9,Primex,39281.76
524,Milesto Backpack 233,15,Milesto,35037.46
441,Urbanix Formal Shoes 240,13,Urbanix,1953.29
247,Primex Puzzle Set 826,8,Primex,7452.72
346,Novatek Office Chair 951,10,Novatek,4108.69
112,Urbanix Water Bottle 694,4,Urbanix,44283.07
202,Kravon Shampoo 283,6,Kravon,14042.86
350,Kravon Sofa Set 994,10,Kravon,30671.6
38,Vantra Smartphone 431,2,Vantra,22577.14
119,Vantra Water Bottle 421,4,Vantra,30582.15
278,Orbex Remote Car 521,8,Orbex,26118.51
234,Urbanix Cricket Bat 699,7,Urbanix,20162.53
24,Urbanix Tablet 371,1,Urbanix,6594.07
259,Orbex Baby Stroller 881,8,Orbex,25088.1
310,Novatek Tea Pack 199,9,Novatek,10952.84
91,Zynora Shirt 145,3,Zynora,361.39
29,Vantra Camera 165,1,Vantra,17821.34
36,Primex Phone Stand 256,2,Primex,17324.25
488,Novatek Belt 368,14,Novatek,35692.37
492,Novatek Desk Organizer 929,15,Novatek,31431.36
380,Kravon Car Vacuum Cleaner 275,11,Kravon,36899.55
179,Kravon Lipstick 750,6,Kravon,41033.14
82,Primex T-Shirt 478,3,Primex,13251.42
58,Trendex Phone Stand 243,2,Trendex,19521.18
460,Xolo Analog Watch 460,14,Xolo,25206.43
122,Urbanix Storage Container 296,4,Urbanix,19455.44
27,Orbex Smart TV 605,1,Orbex,4362.65
243,Vantra Cricket Bat 874,7,Vantra,23029.98
378,Kravon Car Vacuum Cleaner 689,11,Kravon,19860.22
5,Orbex Bluetooth Speaker 303,1,Orbex,32992.7
306,Vantra Rice Pack 674,9,Vantra,15221.69
78,Zynora Jeans 568,3,Zynora,14679.92
483,Vantra Smart Watch 257,14,Vantra,31300.04
284,Trendex Rice Pack 453,9,Trendex,45433.45
136,Orbex Non-Stick Pan 575,4,Orbex,2499.0
319,Trendex Office Chair 193,10,Trendex,30553.81
219,Milesto Yoga Mat 561,7,Milesto,31772.2
463,Xolo Wallet 400,14,Xolo,9431.87
412,Urbanix Microwave Oven 709,12,Urbanix,32663.6
523,Kravon Backpack 851,15,Kravon,45450.47
439,Milesto Sandals 183,13,Milesto,17370.0
156,Urbanix Comic Book 960,5,Urbanix,21605.47
250,Trendex Remote Car 833,8,Trendex,13566.26
285,Milesto Spice Combo 806,9,Milesto,11653.5
475,Vantra Wallet 834,14,Vantra,19715.12
228,Trendex Football 182,7,Trendex,27589.08
385,Primex Car Cover 441,11,Primex,35882.6
3,Vantra Wireless Earbuds 532,1,Vantra,1654.65
30,Orbex Tablet 357,1,Orbex,24331.321203883494
387,Primex Air Purifier 894,12,Primex,16200.39
6,Primex Camera 559,1,Primex,27187.37
294,Trendex Spice Combo 134,9,Trendex,26743.48
282,Trendex Spice Combo 361,9,Trendex,30740.3
33,Trendex Smart TV 103,1,Trendex,43883.77
116,Zynora Non-Stick Pan 145,4,Zynora,32661.37
157,Vantra Self-Help Book 646,5,Vantra,1434.06
399,Vantra Microwave Oven 667,12,Vantra,43902.8
362,Milesto Bike Helmet 529,11,Milesto,20975.98
384,Milesto Car Vacuum Cleaner 991,11,Milesto,14409.57
359,Kravon Car Cover 459,11,Kravon,478.65
478,Novatek Smart Watch 787,14,Novatek,29397.07
491,Trendex Notebook Set 276,15,Trendex,41358.5
75,Novatek Saree 529,3,Novatek,30306.69
260,Kravon Soft Toy 990,8,Kravon,8839.28
298,Urbanix Spice Combo 363,9,Urbanix,42062.44
144,Trendex Cookbook 179,5,Trendex,24331.321203883494
42,Orbex Smartphone 884,2,Orbex,5958.83
11,Trendex Bluetooth Speaker 649,1,Trendex,5916.04
180,Urbanix Lipstick 545,6,Urbanix,8266.07
8,Urbanix Power Bank 320,1,Urbanix,44039.36
209,Novatek Lipstick 690,6,Novatek,29027.61
149,Xolo Comic Book 311,5,Xolo,38345.42
331,Kravon Sofa Set 625,10,Kravon,27388.9
376,Novatek Car Cover 506,11,Novatek,39667.81
496,Urbanix Pen Pack 342,15,Urbanix,36398.09
521,Urbanix Notebook Set 550,15,Urbanix,19234.48
322,Orbex Office Chair 312,10,Orbex,27055.35
292,Primex Cooking Oil 735,9,Primex,11677.71
425,Kravon Sneakers 792,13,Kravon,33156.02
509,Zynora Notebook Set 301,15,Zynora,29284.61
377,Milesto Car Vacuum Cleaner 119,11,Milesto,21255.74
513,Vantra Whiteboard 445,15,Vantra,38786.87
98,Xolo Shirt 466,3,Xolo,9820.51
216,Novatek Treadmill 881,7,Novatek,9715.69
53,Vantra Phone Stand 584,2,Vantra,11328.27
309,Xolo Cooking Oil 138,9,Xolo,14138.9
316,Trendex Sofa Set 341,10,Trendex,39378.62
80,Novatek Saree 175,3,Novatek,24822.66
231,Vantra Treadmill 121,7,Vantra,45979.42
392,Vantra Air Purifier 430,12,Vantra,24331.321203883494
498,Orbex Desk Organizer 232,15,Orbex,28226.24
120,Zynora Mixer Grinder 619,4,Zynora,14364.24
395,Kravon Refrigerator 619,12,Kravon,3596.93
520,Zynora Desk Organizer 564,15,Zynora,3541.16
142,Zynora Comic Book 869,5,Zynora,11522.58
16,Trendex Power Bank 750,1,Trendex,38401.26
128,Novatek Non-Stick Pan 390,4,Novatek,23806.7
87,Orbex Dress 259,3,Orbex,12672.55
172,Vantra Cookbook 793,5,Vantra,41786.6
317,Kravon Office Chair 657,10,Kravon,41496.69
354,Orbex Car Cover 476,11,Orbex,5460.75
28,Novatek Bluetooth Speaker 256,1,Novatek,28936.03
274,Novatek Soft Toy 878,8,Novatek,29224.65
235,Novatek Football 581,7,Novatek,16135.62
237,Kravon Dumbbell Set 521,7,Kravon,31969.25
151,Milesto Textbook 588,5,Milesto,469.04
479,Orbex Sunglasses 920,14,Orbex,34544.33
68,Xolo Mobile Cover 693,2,Xolo,33895.76
225,Urbanix Yoga Mat 911,7,Urbanix,14287.62
253,Primex Soft Toy 713,8,Primex,23476.43
41,Novatek Phone Stand 187,2,Novatek,33720.37
507,Urbanix Pen Pack 430,15,Urbanix,43009.99
424,Urbanix Sports Slippers 838,13,Urbanix,20244.44
261,Vantra Remote Car 492,8,Vantra,10896.16
132,Vantra Cookware Set 970,4,Vantra,35395.81
481,Xolo Wallet 229,14,Xolo,3278.29
477,Vantra Sunglasses 545,14,Vantra,12773.64
197,Zynora Perfume 357,6,Zynora,10757.64
54,Milesto Charger 294,2,Milesto,4519.12
126,Kravon Storage Container 576,4,Kravon,20432.8
10,Kravon Home Theatre 718,1,Kravon,12314.06
79,Novatek Shirt 109,3,Novatek,21188.48
402,Xolo Washing Machine 561,12,Xolo,4939.39
297,Kravon Snack Box 643,9,Kravon,23181.2
32,Kravon Power Bank 214,1,Kravon,13641.31
453,Orbex Running Shoes 469,13,Orbex,3298.71
76,Orbex Saree 423,3,Orbex,43008.55
447,Milesto Sandals 754,13,Milesto,36559.58
389,Urbanix Washing Machine 716,12,Urbanix,7200.44
159,Milesto Novel 238,5,Milesto,39900.79
353,Trendex Bike Helmet 329,11,Trendex,39004.19
55,Kravon Charger 533,2,Kravon,19027.48
382,Novatek Car Cover 547,11,Novatek,38876.38
251,Milesto Baby Stroller 954,8,Milesto,22297.48
444,Zynora Running Shoes 320,13,Zynora,38440.31
329,Xolo Study Table 229,10,Xolo,34169.69
166,Xolo Novel 353,5,Xolo,9329.72
265,Kravon Puzzle Set 990,8,Kravon,4795.7
52,Primex Charger 652,2,Primex,6258.88
108,Primex Non-Stick Pan 124,4,Primex,30428.52
60,Trendex Smartphone 927,2,Trendex,39648.79
293,Novatek Cooking Oil 742,9,Novatek,29801.4
336,Novatek Sofa Set 182,10,Novatek,14951.72
86,Zynora Jeans 218,3,Zynora,40947.84
485,Urbanix Belt 642,14,Urbanix,17005.31
182,Trendex Moisturizer 576,6,Trendex,20148.31
458,Kravon Smart Watch 346,14,Kravon,33767.7
200,Vantra Perfume 878,6,Vantra,24227.37
238,Milesto Cricket Bat 933,7,Milesto,35029.89
232,Vantra Cricket Bat 141,7,Vantra,35149.39
199,Primex Shampoo 321,6,Primex,34027.09
497,Kravon Notebook Set 667,15,Kravon,26409.31
514,Xolo Whiteboard 945,15,Xolo,39760.18
280,Vantra Soft Toy 799,8,Vantra,11229.0
332,Orbex Sofa Set 326,10,Orbex,43499.04
473,Orbex Analog Watch 400,14,Orbex,14910.48
191,Orbex Lipstick 876,6,Orbex,11205.84
452,Vantra Sandals 526,13,Vantra,8777.98
23,Primex Home Theatre 771,1,Primex,23063.79
223,Milesto Dumbbell Set 217,7,Milesto,25139.96
115,Novatek Storage Container 494,4,Novatek,41396.32
152,Zynora Cookbook 871,5,Zynora,18060.39
461,Trendex Analog Watch 812,14,Trendex,22115.73
177,Novatek Perfume 618,6,Novatek,29856.48
188,Kravon Perfume 386,6,Kravon,40517.66
74,Primex Saree 692,3,Primex,27427.98
218,Urbanix Dumbbell Set 665,7,Urbanix,3636.97
466,Xolo Sunglasses 871,14,Xolo,29827.04
241,Xolo Treadmill 773,7,Xolo,40016.03
146,Novatek Textbook 241,5,Novatek,7107.04
51,Orbex Smartphone 343,2,Orbex,12953.26
256,Zynora Building Blocks 843,8,Zynora,13872.86
96,Vantra Kurta 665,3,Vantra,6981.7
99,Novatek Jeans 462,3,Novatek,35928.32
208,Novatek Lipstick 941,6,Novatek,3191.73
372,Zynora Bike Helmet 316,11,Zynora,35343.61
371,Milesto Bike Helmet 713,11,Milesto,2708.01
4,Primex Wireless Earbuds 338,1,Primex,23344.27
413,Zynora Refrigerator 672,12,Zynora,17450.91
494,Zynora Whiteboard 407,15,Zynora,39191.38
522,Primex Desk Organizer 448,15,Primex,24331.321203883494
289,Zynora Tea Pack 108,9,Zynora,26118.55
162,Zynora Comic Book 870,5,Zynora,43764.15
430,Orbex Sneakers 640,13,Orbex,19373.67
427,Primex Sneakers 646,13,Primex,11152.92
244,Xolo Football 308,7,Xolo,12430.18
169,Zynora Comic Book 885,5,Zynora,17094.4
417,Primex Washing Machine 449,12,Primex,43602.21
344,Milesto Study Table 420,10,Milesto,30660.94
443,Vantra Sneakers 105,13,Vantra,41687.27
323,Kravon Bookshelf 892,10,Kravon,6956.98
50,Novatek Mobile Cover 132,2,Novatek,39570.3
137,Novatek Non-Stick Pan 567,4,Novatek,6305.93
31,Novatek Bluetooth Speaker 798,1,Novatek,40722.31
374,Milesto Seat Cushion 279,11,Milesto,6115.71
57,Novatek Screen Guard 354,2,Novatek,8973.83
487,Urbanix Smart Watch 611,14,Urbanix,23911.73
510,Zynora Whiteboard 228,15,Zynora,28825.02
423,Urbanix Sandals 951,13,Urbanix,31931.33
150,Vantra Comic Book 812,5,Vantra,1093.56
184,Zynora Face Wash 561,6,Zynora,11367.95
1,Xolo Wireless Earbuds 859,1,Xolo,12795.34
388,Primex Washing Machine 205,12,Primex,6906.15
127,Orbex Non-Stick Pan 584,4,Orbex,36552.08
295,Novatek Cooking Oil 402,9,Novatek,15162.74
45,Zynora Mobile Cover 508,2,Zynora,45776.84
314,Vantra Tea Pack 517,9,Vantra,43207.63
110,Kravon Water Bottle 756,4,Kravon,23529.78
59,Trendex Screen Guard 355,2,Trendex,40250.46
394,Zynora Microwave Oven 915,12,Zynora,12779.05
457,Zynora Sunglasses 865,14,Zynora,942.89
361,Xolo Bike Helmet 193,11,Xolo,34370.92
440,Kravon Running Shoes 201,13,Kravon,38633.27
175,Vantra Cookbook 924,5,Vantra,5743.32
123,Urbanix Cookware Set 730,4,Urbanix,26264.02
