returnid,orderid,returndate,reason
1271,10443,2022-09-05,Wrong Item Delivered
1482,19648,2025-05-20,Changed Mind
1833,1799,2025-10-17,Late Delivery
294,17128,2024-12-21,Size Issue
1308,6633,2022-04-03,Wrong Item Delivered
1775,12951,2025-07-21,Defective Product
1764,15246,2023-06-15,Changed Mind
995,19097,2024-03-22,Defective Product
425,14298,2022-01-07,Defective Product
1533,10069,2023-10-24,Damaged Product
1869,3681,2023-03-20,Late Delivery
1703,12018,2025-01-04,Size Issue
976,18403,2025-07-14,Damaged Product
184,16069,2024-07-30,Defective Product
712,9682,2025-07-27,Damaged Product
284,9354,2025-09-29,Late Delivery
1908,10407,2023-12-26,Late Delivery
1420,11572,2022-07-25,Size Issue
505,7881,2025-11-23,Late Delivery
977,7214,2025-07-07,Changed Mind
1415,5039,2025-07-02,Defective Product
293,14005,2024-08-06,Defective Product
2134,1430,2025-06-22,Size Issue
990,7375,2024-06-11,Late Delivery
758,17457,2025-01-08,Size Issue
2064,18870,2024-07-10,Wrong Item Delivered
1661,1076,2024-07-09,Changed Mind
1331,15345,2021-08-20,Damaged Product
87,2015,2024-12-16,Size Issue
1620,4935,2024-02-13,Late Delivery
1524,2747,2025-07-23,Damaged Product
569,15010,2024-03-20,Changed Mind
2071,14281,2020-10-07,Damaged Product
2058,10374,2021-06-11,Size Issue
1002,3665,2022-01-17,Late Delivery
502,3444,2021-02-25,Defective Product
1738,19596,2025-02-19,Size Issue
696,15232,2024-11-04,Late Delivery
343,18309,2024-04-17,Defective Product
781,12756,2025-05-19,Wrong Item Delivered
1187,2434,2023-10-02,Late Delivery
220,15705,2024-06-25,Wrong Item Delivered
121,13864,2025-06-30,Damaged Product
1747,6835,2024-07-09,Changed Mind
1058,13238,2023-12-07,Size Issue
730,6969,2023-07-22,Damaged Product
1891,15071,2023-03-13,Damaged Product
1625,4109,2019-12-03,Damaged Product
1671,12496,2025-04-10,Changed Mind
125,2463,2023-11-02,Late Delivery
2184,18356,2022-12-02,Defective Product
514,17227,2025-05-03,Changed Mind
493,3296,2025-02-06,Wrong Item Delivered
1687,18531,2025-06-18,Changed Mind
1184,3315,2025-05-07,Size Issue
1618,7181,2025-07-24,Defective Product
1452,5389,2023-05-25,Wrong Item Delivered
476,10911,2023-02-28,Damaged Product
634,14321,2022-06-18,Changed Mind
524,12433,2025-02-13,Defective Product
1931,349,2022-12-06,Wrong Item Delivered
773,1719,2024-09-14,Changed Mind
248,1385,2021-05-18,Damaged Product
1972,1246,2024-04-20,Damaged Product
620,12045,2021-02-14,Defective Product
601,9203,2024-04-18,Size Issue
202,14606,2025-08-22,Damaged Product
1709,13445,2025-05-06,Defective Product
1893,6757,2022-07-26,Wrong Item Delivered
1070,8870,2022-03-03,Late Delivery
66,18886,2022-06-09,Damaged Product
178,8680,2025-01-11,Wrong Item Delivered
996,2705,2023-10-17,Damaged Product
1351,13701,2020-03-30,Wrong Item Delivered
1025,19552,2025-03-31,Size Issue
339,17484,2024-06-29,Late Delivery
1758,6190,2024-08-25,Defective Product
1572,11929,2024-05-31,Size Issue
1233,10261,2025-07-26,Damaged Product
286,11947,2022-03-26,Damaged Product
218,12490,2024-05-28,Defective Product
1066,17326,2025-11-22,Size Issue
1547,1800,2020-11-28,Damaged Product
134,6270,2024-12-21,Defective Product
1559,15337,2023-08-27,Changed Mind
1488,5801,2024-09-11,Changed Mind
1001,17953,2023-03-08,Damaged Product
270,568,2025-12-25,Late Delivery
72,17561,2024-05-14,Defective Product
1756,1192,2024-10-14,Changed Mind
467,6415,2022-01-02,Defective Product
1694,3929,2019-10-10,Defective Product
1107,18647,2024-09-11,Wrong Item Delivered
2162,5104,2023-11-25,Defective Product
1432,9457,2023-11-26,Late Delivery
998,4793,2021-07-08,Defective Product
470,8314,2024-06-16,Changed Mind
1371,1075,2025-10-28,Size Issue
2150,12650,2023-08-06,Late Delivery
1280,18480,2022-08-30,Defective Product
55,11020,2025-02-09,Wrong Item Delivered
1866,9298,2025-11-18,Wrong Item Delivered
177,7671,2022-08-01,Wrong Item Delivered
147,16109,2020-08-28,Defective Product
534,14785,2021-05-27,Changed Mind
797,3200,2025-12-12,Damaged Product
1676,12301,2025-02-08,Size Issue
442,2433,2022-08-02,Defective Product
428,176,2025-04-04,Defective Product
140,14566,2023-06-23,Defective Product
484,10110,2025-10-21,Late Delivery
1181,6408,2022-12-03,Changed Mind
1110,17871,2022-10-12,Wrong Item Delivered
958,12446,2025-05-03,Damaged Product
889,15183,2023-05-31,Size Issue
749,11280,2023-11-20,Late Delivery
483,7691,2025-05-02,Late Delivery
1456,7016,2021-12-25,Defective Product
1510,2189,2025-09-20,Damaged Product
872,5363,2023-06-24,Size Issue
1855,5717,2024-02-25,Wrong Item Delivered
1484,16581,2024-04-09,Wrong Item Delivered
850,12078,2025-12-30,Changed Mind
195,15114,2024-01-14,Damaged Product
1125,4322,2023-09-23,Late Delivery
2117,445,2022-08-16,Late Delivery
1906,1825,2024-10-31,Late Delivery
740,6099,2025-02-04,Changed Mind
2128,12700,2024-12-28,Damaged Product
444,17316,2024-04-27,Damaged Product
768,10711,2022-09-23,Size Issue
179,11214,2024-04-11,Defective Product
1824,12585,2022-07-21,Defective Product
2139,4636,2023-01-24,Defective Product
1649,7436,2025-04-27,Damaged Product
1813,9146,2025-07-04,Defective Product
669,6297,2025-06-29,Late Delivery
702,18768,2022-10-04,Late Delivery
157,14821,2025-05-04,Late Delivery
1563,9460,2025-08-20,Damaged Product
1667,5934,2025-03-07,Damaged Product
142,3393,2025-06-28,Late Delivery
1593,10501,2024-12-11,Damaged Product
1772,4897,2025-05-17,Changed Mind
1468,16908,2025-06-30,Defective Product
953,6591,2022-05-14,Damaged Product
757,5869,2025-06-28,Changed Mind
909,4434,2021-05-23,Damaged Product
579,6754,2023-06-13,Changed Mind
604,11841,2022-08-30,Changed Mind
1238,5354,2025-05-22,Wrong Item Delivered
1018,3289,2023-10-21,Changed Mind
837,15818,2024-04-22,Late Delivery
89,17095,2021-05-13,Damaged Product
426,4949,2024-01-28,Size Issue
2191,8165,2024-09-28,Size Issue
602,5275,2021-08-29,Damaged Product
504,10172,2021-04-09,Late Delivery
1334,6720,2024-08-30,Late Delivery
2090,1964,2024-08-24,Damaged Product
865,6206,2020-08-31,Wrong Item Delivered
1562,3333,2024-12-05,Wrong Item Delivered
30,432,2023-10-02,Size Issue
611,15439,2019-11-07,Defective Product
627,10958,2022-05-27,Defective Product
1651,14114,2025-04-15,Late Delivery
2035,162,2025-03-24,Damaged Product
357,15553,2024-01-27,Changed Mind
434,1882,2025-07-21,Size Issue
445,14248,2025-03-06,Defective Product
1445,6707,2024-11-11,Wrong Item Delivered
1201,8048,2022-05-01,Defective Product
127,3223,2024-09-12,Changed Mind
1172,8402,2022-10-31,Late Delivery
301,7291,2025-01-29,Defective Product
221,9527,2025-02-22,Size Issue
1398,3352,2020-01-29,Defective Product
965,7453,2025-10-17,Changed Mind
843,8700,2024-10-20,Damaged Product
895,13175,2022-03-22,Changed Mind
1332,18751,2023-11-18,Size Issue
1255,11842,2023-12-16,Changed Mind
1767,18605,2023-08-03,Defective Product
2182,5895,2025-01-02,Late Delivery
1507,19419,2024-02-06,Damaged Product
1865,13795,2025-06-13,Defective Product
1336,3930,2025-07-15,Damaged Product
1754,17687,2024-10-08,Late Delivery
2000,9169,2024-06-13,Defective Product
2045,18881,2025-06-30,Damaged Product
2138,7831,2024-01-15,Defective Product
247,3586,2025-10-29,Changed Mind
1518,1916,2023-07-08,Defective Product
945,2398,2022-04-10,Wrong Item Delivered
1800,9847,2023-11-02,Wrong Item Delivered
1245,5377,2024-06-07,Wrong Item Delivered
167,17257,2025-11-07,Wrong Item Delivered
1321,1977,2023-11-14,Size Issue
1831,8731,2023-07-24,Changed Mind
1077,13558,2024-04-15,Size Issue
1769,7448,2024-12-13,Size Issue
133,8120,2023-03-30,Changed Mind
729,9728,2020-09-23,Late Delivery
1943,13980,2024-11-14,Late Delivery
73,12826,2024-07-01,Wrong Item Delivered
545,12273,2025-06-10,Defective Product
2197,4954,2022-06-30,Late Delivery
1897,2682,2025-12-25,Damaged Product
118,5941,2022-10-23,Damaged Product
690,4893,2025-11-24,Wrong Item Delivered
553,13656,2022-03-28,Size Issue
823,13761,2023-11-11,Late Delivery
287,8103,2021-12-31,Size Issue
1960,18759,2019-10-18,Defective Product
1473,16716,2025-12-26,Changed Mind
1350,16981,2019-09-21,Late Delivery
187,16512,2023-12-13,Damaged Product
176,8307,2024-02-17,Defective Product
724,8078,2022-08-30,Defective Product
1403,10926,2021-12-21,Defective Product
1704,16100,2020-02-28,Damaged Product
1598,16160,2021-09-10,Size Issue
1614,3440,2023-10-06,Changed Mind
2107,957,2024-02-29,Late Delivery
1599,19183,2024-04-23,Size Issue
1987,14199,2021-05-17,Late Delivery
48,18571,2022-09-03,Defective Product
1317,10825,2022-07-26,Defective Product
1766,9750,2023-08-19,Late Delivery
1660,4578,2024-05-27,Changed Mind
1347,12815,2022-11-20,Defective Product
296,8763,2021-12-24,Late Delivery
1386,14244,2024-03-27,Changed Mind
34,13149,2020-02-18,Damaged Product
1924,15421,2023-03-01,Late Delivery
630,11215,2024-10-24,Wrong Item Delivered
522,14388,2025-06-20,Wrong Item Delivered
1474,16897,2021-02-01,Wrong Item Delivered
721,10713,2023-01-06,Size Issue
420,11645,2024-04-22,Defective Product
557,12247,2023-01-23,Changed Mind
1665,6086,2023-11-30,Size Issue
1560,19195,2023-05-24,Size Issue
824,2906,2024-12-14,Changed Mind
2154,3407,2025-07-02,Size Issue
2085,13034,2025-08-06,Wrong Item Delivered
1405,12525,2025-09-16,Defective Product
337,19225,2024-08-18,Changed Mind
1389,352,2024-02-11,Damaged Product
894,6075,2025-06-05,Damaged Product
1346,18680,2025-03-05,Size Issue
1624,6131,2022-06-13,Defective Product
465,14715,2022-03-17,Damaged Product
431,10497,2025-11-06,Defective Product
1870,8647,2024-09-08,Changed Mind
1204,8297,2021-10-25,Size Issue
1198,18128,2023-08-07,Wrong Item Delivered
327,11836,2022-03-05,Size Issue
832,6857,2025-01-18,Damaged Product
1867,17514,2023-11-26,Changed Mind
966,4603,2023-09-14,Damaged Product
2174,10718,2023-12-13,Wrong Item Delivered
1549,12372,2021-03-13,Wrong Item Delivered
1295,10785,2025-06-16,Damaged Product
1497,18964,2025-07-06,Changed Mind
760,11575,2024-07-22,Size Issue
1447,10881,2023-10-18,Damaged Product
52,10860,2023-07-10,Damaged Product
507,13497,2023-12-16,Damaged Product
13,2528,2023-03-28,Wrong Item Delivered
541,10864,2024-04-18,Defective Product
735,18821,2024-12-18,Damaged Product
1739,3666,2025-11-16,Changed Mind
2028,18170,2024-01-25,Damaged Product
2186,5189,2023-08-01,Damaged Product
2153,5698,2025-11-24,Late Delivery
1133,16332,2023-03-24,Wrong Item Delivered
1040,18766,2021-09-15,Wrong Item Delivered
2158,16787,2023-03-06,Defective Product
587,2162,2025-04-29,Defective Product
662,14470,2021-02-14,Size Issue
1699,573,2024-02-18,Defective Product
433,15474,2024-09-18,Defective Product
349,1909,2025-04-28,Defective Product
1679,9678,2022-09-13,Wrong Item Delivered
2095,15702,2023-09-07,Late Delivery
2,9268,2021-12-07,Defective Product
864,8911,2024-07-31,Defective Product
396,15045,2025-08-07,Wrong Item Delivered
116,18362,2024-12-29,Size Issue
1088,6452,2022-08-14,Wrong Item Delivered
1218,19120,2025-02-25,Damaged Product
792,6299,2021-10-30,Wrong Item Delivered
105,12292,2023-05-19,Changed Mind
172,528,2025-05-16,Changed Mind
1525,1965,2023-03-17,Changed Mind
1989,2992,2025-08-27,Damaged Product
27,6458,2022-01-06,Damaged Product
1330,14289,2024-09-05,Late Delivery
2100,4852,2024-10-27,Damaged Product
289,10548,2023-12-14,Damaged Product
182,516,2023-01-31,Defective Product
1898,18401,2022-03-22,Size Issue
1655,10838,2025-06-07,Defective Product
21,9903,2024-05-09,Size Issue
1433,19409,2021-11-15,Damaged Product
944,9846,2023-05-16,Changed Mind
1247,16362,2024-08-28,Late Delivery
1303,19923,2023-02-24,Size Issue
862,10642,2025-09-05,Size Issue
1091,8239,2025-09-19,Damaged Product
2187,18158,2025-03-19,Late Delivery
860,937,2023-09-20,Size Issue
223,5547,2024-04-14,Damaged Product
2148,13380,2024-12-16,Defective Product
1640,5214,2025-07-31,Late Delivery
369,10295,2020-10-31,Size Issue
1395,2590,2024-02-12,Damaged Product
711,8203,2021-07-26,Wrong Item Delivered
1916,13996,2021-01-04,Changed Mind
846,18295,2025-12-22,Defective Product
453,11285,2025-10-19,Damaged Product
856,10126,2019-07-27,Defective Product
1199,8727,2022-08-05,Size Issue
1151,9063,2025-07-31,Defective Product
347,8335,2025-05-16,Damaged Product
518,17702,2025-04-06,Late Delivery
1771,13642,2022-09-08,Changed Mind
2070,15212,2025-12-27,Late Delivery
1587,2454,2022-11-29,Size Issue
2160,12807,2025-03-02,Damaged Product
1354,954,2025-02-11,Changed Mind
788,7851,2023-09-07,Damaged Product
1232,10652,2022-05-04,Damaged Product
418,12239,2025-11-08,Defective Product
528,10403,2025-08-17,Changed Mind
192,13974,2022-03-04,Defective Product
1272,7932,2022-07-17,Defective Product
1707,17560,2021-05-02,Wrong Item Delivered
16,19539,2025-07-06,Size Issue
1485,7763,2022-07-08,Changed Mind
838,18549,2025-10-27,Size Issue
1015,16686,2024-05-25,Changed Mind
1356,15629,2023-06-25,Defective Product
150,9626,2024-08-30,Defective Product
550,18956,2024-11-10,Size Issue
738,7716,2025-07-09,Late Delivery
1630,15341,2022-12-30,Size Issue
2031,18040,2025-11-26,Defective Product
688,12401,2025-05-29,Damaged Product
1098,11086,2020-11-07,Size Issue
1264,12980,2021-10-01,Defective Product
2101,11683,2023-10-06,Size Issue
1589,10409,2024-06-14,Defective Product
1570,16962,2025-01-09,Late Delivery
979,2446,2024-08-08,Changed Mind
1639,7923,2025-06-22,Changed Mind
173,6742,2025-05-18,Damaged Product
449,19767,2025-07-18,Damaged Product
608,8131,2022-10-20,Damaged Product
1142,2443,2023-12-10,Wrong Item Delivered
2091,15825,2025-10-24,Defective Product
363,17065,2026-01-05,Size Issue
1053,15567,2025-10-20,Size Issue
1481,18875,2022-12-25,Late Delivery
1717,3324,2025-12-02,Wrong Item Delivered
621,18653,2022-09-01,Size Issue
1567,14056,2024-08-07,Damaged Product
964,13718,2025-06-21,Defective Product
1349,15653,2024-06-30,Wrong Item Delivered
858,10189,2023-11-19,Changed Mind
650,6683,2023-10-13,Changed Mind
300,9126,2022-02-01,Wrong Item Delivered
1404,14055,2024-03-30,Late Delivery
348,747,2021-05-21,Wrong Item Delivered
1269,13189,2024-06-21,Size Issue
1104,14458,2021-10-21,Damaged Product
417,18187,2025-08-11,Size Issue
1509,3927,2020-12-18,Damaged Product
1390,2957,2024-12-27,Defective Product
709,1481,2024-02-25,Defective Product
1277,11692,2025-07-30,Defective Product
1352,10700,2024-10-31,Changed Mind
1602,11915,2025-08-27,Late Delivery
1463,8784,2025-09-28,Damaged Product
2159,3862,2021-04-22,Size Issue
1333,9002,2023-02-19,Size Issue
1600,13161,2025-11-11,Size Issue
654,7767,2021-11-12,Size Issue
1536,16701,2025-09-02,Defective Product
1828,1495,2021-03-24,Defective Product
1122,5047,2024-11-02,Changed Mind
560,723,2021-04-05,Wrong Item Delivered
317,4337,2024-10-16,Defective Product
137,2286,2024-08-13,Defective Product
1995,5251,2023-12-19,Late Delivery
136,1749,2021-10-12,Late Delivery
203,19145,2022-06-26,Damaged Product
355,597,2025-09-06,Size Issue
1190,8244,2022-10-14,Size Issue
1854,7456,2022-05-16,Size Issue
1124,15662,2025-12-12,Size Issue
1872,13581,2023-02-04,Defective Product
464,6583,2023-11-08,Size Issue
612,9488,2023-07-08,Size Issue
756,6404,2025-05-19,Damaged Product
1539,11848,2025-07-22,Damaged Product
904,11826,2025-11-07,Late Delivery
1487,6511,2020-10-16,Size Issue
1358,19748,2022-03-26,Size Issue
2123,1851,2024-06-14,Size Issue
1627,12735,2022-02-17,Damaged Product
1466,10580,2024-09-13,Wrong Item Delivered
1723,6596,2021-07-18,Wrong Item Delivered
2111,2635,2023-10-27,Changed Mind
1118,1512,2025-10-13,Damaged Product
512,2312,2023-02-12,Late Delivery
209,10886,2025-06-03,Defective Product
607,12928,2024-03-19,Wrong Item Delivered
955,12216,2025-04-17,Damaged Product
267,18450,2022-11-08,Size Issue
1846,19403,2025-10-16,Damaged Product
592,3049,2021-12-19,Wrong Item Delivered
1925,1264,2022-10-30,Defective Product
588,3478,2023-10-30,Wrong Item Delivered
432,13014,2024-10-25,Changed Mind
1357,7377,2025-10-03,Wrong Item Delivered
1388,17216,2025-03-27,Wrong Item Delivered
371,12235,2023-07-24,Changed Mind
1260,19125,2021-11-16,Size Issue
1842,4143,2025-11-24,Changed Mind
2026,6468,2022-02-02,Size Issue
316,17429,2024-10-12,Wrong Item Delivered
1156,16267,2024-04-14,Defective Product
1459,17166,2024-02-29,Damaged Product
1894,9308,2024-02-16,Wrong Item Delivered
2010,2337,2025-05-15,Size Issue
2192,9306,2024-08-06,Damaged Product
1048,18960,2020-01-17,Damaged Product
481,1336,2022-04-18,Size Issue
622,8232,2026-01-07,Late Delivery
2099,1990,2024-05-29,Late Delivery
1230,5862,2024-03-23,Wrong Item Delivered
1419,2531,2022-07-12,Damaged Product
1881,3824,2025-05-22,Size Issue
875,11415,2020-07-26,Size Issue
1148,4523,2020-04-12,Defective Product
231,224,2024-06-12,Late Delivery
1551,5886,2024-10-26,Wrong Item Delivered
981,19637,2024-03-14,Changed Mind
1034,652,2019-12-21,Defective Product
1285,1154,2025-02-19,Late Delivery
2050,18253,2025-11-17,Damaged Product
386,14798,2025-05-06,Damaged Product
1564,18972,2020-03-01,Changed Mind
1494,15292,2021-09-02,Defective Product
986,836,2025-01-08,Changed Mind
1802,10820,2024-05-16,Late Delivery
629,14870,2023-06-08,Size Issue
1287,11803,2023-08-14,Late Delivery
540,116,2025-06-19,Wrong Item Delivered
74,1202,2025-03-03,Damaged Product
1047,9727,2024-08-16,Wrong Item Delivered
1730,8716,2020-11-23,Defective Product
36,19265,2024-07-04,Defective Product
1689,14923,2022-07-10,Wrong Item Delivered
122,12213,2025-05-10,Defective Product
989,379,2024-07-18,Damaged Product
841,11261,2024-04-05,Changed Mind
616,17386,2024-01-16,Late Delivery
1489,149,2023-06-15,Changed Mind
1117,17084,2023-06-14,Defective Product
5,15240,2024-03-24,Late Delivery
974,12779,2020-11-25,Size Issue
1337,12688,2024-11-04,Defective Product
1158,10104,2025-09-08,Wrong Item Delivered
784,6507,2024-02-26,Late Delivery
166,13955,2024-01-12,Changed Mind
1523,15043,2022-06-04,Changed Mind
237,4295,2020-12-17,Damaged Product
939,16534,2024-05-05,Size Issue
817,737,2024-08-15,Damaged Product
400,16522,2022-08-25,Damaged Product
1418,13618,2022-12-26,Changed Mind
1534,19410,2023-04-02,Size Issue
1490,3097,2020-09-15,Size Issue
2136,8847,2022-10-31,Defective Product
705,15254,2025-01-25,Changed Mind
1685,1524,2024-03-02,Size Issue
1381,18095,2022-05-21,Defective Product
2125,6981,2022-02-15,Size Issue
1532,18871,2025-09-11,Wrong Item Delivered
8,2810,2023-02-19,Defective Product
471,10553,2023-04-24,Damaged Product
119,775,2025-10-31,Size Issue
1341,11827,2025-06-23,Size Issue
1261,8036,2024-10-14,Damaged Product
488,15243,2025-04-15,Damaged Product
510,11743,2022-05-10,Defective Product
1702,12253,2024-08-20,Size Issue
235,6928,2025-12-22,Damaged Product
708,9929,2025-05-02,Damaged Product
1932,10296,2024-10-28,Damaged Product
109,8989,2022-08-27,Damaged Product
1076,6284,2021-12-21,Damaged Product
489,18562,2023-12-03,Defective Product
422,17879,2022-05-06,Wrong Item Delivered
1457,9450,2024-09-08,Damaged Product
565,16430,2024-12-28,Late Delivery
2131,19576,2022-07-18,Wrong Item Delivered
51,17973,2025-11-16,Late Delivery
1656,8685,2022-05-23,Late Delivery
940,85,2024-06-15,Damaged Product
1174,10909,2023-11-11,Wrong Item Delivered
1035,3759,2025-01-26,Damaged Product
1318,11142,2025-11-01,Size Issue
1412,17154,2024-11-15,Defective Product
544,9386,2021-04-07,Late Delivery
936,15933,2020-09-04,Defective Product
1065,5802,2022-10-08,Size Issue
437,11302,2021-09-02,Wrong Item Delivered
1604,18895,2022-11-24,Wrong Item Delivered
618,16287,2023-06-20,Damaged Product
459,13452,2022-11-29,Damaged Product
71,4254,2024-12-19,Wrong Item Delivered
1557,7856,2024-10-05,Damaged Product
603,6250,2024-04-25,Wrong Item Delivered
47,10758,2024-04-05,Defective Product
254,15131,2024-10-31,Late Delivery
255,11694,2021-06-28,Changed Mind
1961,9077,2024-10-26,Defective Product
1968,5122,2021-07-25,Late Delivery
213,11955,2023-01-27,Damaged Product
1785,6347,2021-09-01,Late Delivery
2008,1381,2024-11-14,Size Issue
1406,6957,2022-09-13,Size Issue
88,9897,2024-10-19,Damaged Product
1712,1757,2022-03-21,Wrong Item Delivered
759,13049,2020-04-19,Wrong Item Delivered
1705,5538,2022-11-29,Changed Mind
954,10702,2025-10-12,Damaged Product
558,2857,2025-01-27,Defective Product
930,1608,2024-11-03,Late Delivery
1342,17857,2021-03-19,Size Issue
462,17302,2025-01-07,Wrong Item Delivered
1365,14949,2022-09-28,Defective Product
393,15805,2024-03-25,Size Issue
210,5824,2020-07-08,Damaged Product
574,19632,2022-06-24,Size Issue
532,7773,2024-08-16,Damaged Product
2118,8284,2024-04-03,Wrong Item Delivered
1416,10065,2025-09-04,Wrong Item Delivered
1111,94,2019-11-25,Size Issue
600,16442,2024-03-09,Damaged Product
677,5793,2025-04-09,Changed Mind
1841,7687,2020-10-16,Late Delivery
699,10363,2025-09-21,Defective Product
1550,17139,2021-03-22,Late Delivery
1979,11112,2024-05-06,Defective Product
902,1688,2024-11-06,Late Delivery
1159,250,2022-11-29,Wrong Item Delivered
1092,6174,2023-09-28,Size Issue
1597,8519,2021-03-06,Changed Mind
439,2259,2023-10-26,Size Issue
1131,10830,2025-11-13,Wrong Item Delivered
1407,18411,2023-12-30,Damaged Product
1985,2170,2022-03-08,Size Issue
1297,19016,2025-09-19,Damaged Product
1830,8556,2024-11-08,Changed Mind
748,1918,2024-09-22,Damaged Product
266,13129,2024-05-21,Changed Mind
354,15563,2022-12-08,Wrong Item Delivered
665,2507,2022-06-10,Late Delivery
1319,1775,2024-02-01,Size Issue
1934,10752,2024-11-09,Late Delivery
1853,10528,2022-05-01,Defective Product
2183,17615,2022-09-28,Late Delivery
1241,11843,2023-07-24,Wrong Item Delivered
1252,6688,2024-09-27,Wrong Item Delivered
530,14123,2022-01-13,Damaged Product
698,2636,2024-02-14,Wrong Item Delivered
798,4623,2025-01-22,Size Issue
754,10378,2024-05-31,Size Issue
547,8084,2024-04-16,Changed Mind
152,8520,2023-07-15,Changed Mind
1719,16879,2025-12-28,Damaged Product
1992,6398,2023-02-11,Defective Product
857,3768,2024-03-25,Wrong Item Delivered
826,14867,2025-07-08,Defective Product
214,2140,2025-01-24,Changed Mind
778,15490,2024-08-14,Late Delivery
937,18739,2023-10-12,Late Delivery
1848,10898,2024-12-15,Late Delivery
1905,18974,2025-02-22,Damaged Product
323,5788,2023-03-09,Damaged Product
1540,13088,2024-07-24,Damaged Product
1728,19739,2025-04-23,Late Delivery
1582,2536,2024-10-25,Late Delivery
1688,7125,2021-10-03,Damaged Product
405,6873,2023-03-07,Damaged Product
812,17076,2025-02-28,Wrong Item Delivered
1229,19954,2023-12-25,Late Delivery
1311,7184,2019-12-04,Damaged Product
1424,1095,2024-10-29,Damaged Product
1577,4928,2021-09-11,Wrong Item Delivered
1681,9137,2020-10-06,Damaged Product
1633,4516,2025-07-30,Size Issue
124,12437,2022-01-20,Size Issue
2068,7120,2024-11-07,Size Issue
1225,4507,2022-02-23,Changed Mind
304,2698,2024-03-18,Late Delivery
1082,16936,2024-06-18,Wrong Item Delivered
2052,13170,2020-04-15,Changed Mind
336,6717,2022-10-03,Damaged Product
1155,10693,2025-01-01,Wrong Item Delivered
1895,16794,2021-07-22,Damaged Product
1135,9724,2024-02-18,Changed Mind
2006,14077,2022-06-06,Late Delivery
1444,7720,2024-07-27,Damaged Product
1293,9571,2025-07-21,Defective Product
682,7805,2024-05-09,Damaged Product
1513,19685,2024-05-06,Defective Product
681,3552,2024-07-21,Defective Product
929,824,2024-05-25,Wrong Item Delivered
1290,16312,2024-06-30,Size Issue
79,12431,2025-08-11,Damaged Product
2016,16628,2026-01-03,Damaged Product
770,4875,2025-08-13,Defective Product
1492,4517,2024-06-13,Defective Product
1108,6167,2022-12-27,Size Issue
2015,18815,2021-03-03,Defective Product
1505,11321,2023-08-11,Wrong Item Delivered
233,10142,2021-09-05,Wrong Item Delivered
619,4014,2024-05-15,Wrong Item Delivered
190,5300,2025-04-22,Damaged Product
2180,5184,2025-07-29,Size Issue
575,3783,2025-12-27,Size Issue
1951,19922,2022-01-10,Damaged Product
863,7855,2023-10-16,Changed Mind
1477,14141,2025-06-09,Defective Product
1666,11538,2023-04-29,Defective Product
335,2292,2022-11-18,Changed Mind
1737,19635,2021-08-23,Size Issue
2073,16520,2022-11-26,Damaged Product
1621,6785,2020-03-19,Late Delivery
276,2907,2025-07-20,Late Delivery
1590,9501,2022-05-08,Size Issue
1106,17970,2025-08-02,Size Issue
549,13382,2021-11-01,Late Delivery
185,10455,2025-06-29,Size Issue
2037,3905,2025-05-19,Size Issue
496,17141,2023-12-16,Defective Product
1862,10152,2025-10-15,Damaged Product
617,17409,2023-09-23,Defective Product
479,14690,2025-09-17,Defective Product
1984,15874,2023-08-19,Defective Product
1012,18419,2025-11-07,Defective Product
1558,14261,2025-10-27,Changed Mind
1901,6437,2020-12-12,Damaged Product
2078,5352,2023-12-10,Changed Mind
808,9349,2022-04-22,Size Issue
2121,5444,2024-03-03,Changed Mind
813,13462,2024-07-18,Changed Mind
1443,14774,2022-07-13,Changed Mind
1052,6651,2022-05-11,Defective Product
262,14702,2025-03-20,Wrong Item Delivered
2092,13735,2025-07-10,Damaged Product
1776,16057,2024-10-17,Wrong Item Delivered
833,19561,2024-07-08,Wrong Item Delivered
1154,18279,2023-12-22,Wrong Item Delivered
236,19559,2025-04-17,Changed Mind
807,7119,2021-08-26,Size Issue
1153,912,2024-09-27,Defective Product
283,9860,2025-07-31,Changed Mind
1144,15328,2025-03-27,Changed Mind
1384,15661,2022-12-22,Wrong Item Delivered
1879,16983,2021-06-13,Size Issue
1236,5128,2025-11-14,Late Delivery
907,4185,2024-12-04,Wrong Item Delivered
1673,5342,2024-10-02,Changed Mind
2190,1891,2024-11-14,Defective Product
198,15090,2024-09-24,Damaged Product
1914,8737,2021-07-02,Late Delivery
535,3578,2022-02-08,Changed Mind
1965,2830,2022-10-15,Size Issue
1970,14101,2024-04-24,Size Issue
2178,3529,2024-10-06,Wrong Item Delivered
1864,4490,2024-08-02,Damaged Product
131,18771,2023-08-20,Changed Mind
1427,3513,2023-11-15,Late Delivery
732,9426,2021-09-18,Size Issue
1003,16657,2024-11-07,Late Delivery
916,5676,2021-07-08,Damaged Product
582,9446,2024-10-07,Damaged Product
259,6918,2025-11-15,Damaged Product
660,15002,2025-02-18,Late Delivery
2007,10344,2023-01-07,Size Issue
1576,10796,2025-08-01,Defective Product
1969,15095,2025-09-12,Late Delivery
149,5086,2024-05-16,Defective Product
897,5229,2021-08-11,Defective Product
1402,1508,2025-02-13,Damaged Product
1542,8245,2024-05-02,Defective Product
1413,17770,2022-11-18,Damaged Product
839,6399,2022-01-30,Changed Mind
41,13116,2025-02-21,Size Issue
362,3489,2021-06-04,Damaged Product
2175,16200,2025-12-18,Defective Product
790,15850,2024-06-24,Damaged Product
753,4200,2025-11-20,Late Delivery
1019,5323,2023-11-15,Size Issue
1075,9392,2024-09-21,Late Delivery
1305,7276,2025-07-06,Size Issue
1692,16654,2024-03-17,Defective Product
2096,6229,2025-03-31,Changed Mind
2030,6568,2023-07-23,Defective Product
361,15390,2025-04-28,Size Issue
1059,5583,2024-06-07,Wrong Item Delivered
450,4801,2025-02-27,Wrong Item Delivered
992,7401,2020-04-29,Late Delivery
280,1870,2021-01-13,Damaged Product
338,18413,2025-08-20,Late Delivery
2047,5340,2023-09-04,Damaged Product
35,9496,2024-03-18,Damaged Product
1999,15457,2020-09-25,Late Delivery
1615,13361,2021-09-28,Size Issue
887,11247,2021-06-19,Damaged Product
85,15383,2022-10-18,Defective Product
1483,9131,2023-12-14,Wrong Item Delivered
1746,15635,2025-11-06,Size Issue
1292,3071,2024-07-20,Changed Mind
1584,14931,2023-03-02,Damaged Product
1259,6483,2023-04-12,Size Issue
387,16336,2025-06-04,Late Delivery
1859,16040,2025-03-19,Wrong Item Delivered
480,16935,2024-06-28,Wrong Item Delivered
736,18154,2022-10-20,Defective Product
1663,4243,2024-01-15,Size Issue
1751,9286,2023-01-09,Wrong Item Delivered
948,17273,2023-08-04,Late Delivery
1084,14475,2025-03-08,Late Delivery
1032,6973,2025-05-04,Changed Mind
1876,11501,2021-10-12,Defective Product
676,12680,2022-09-28,Late Delivery
803,423,2023-10-11,Damaged Product
2119,4784,2023-07-15,Defective Product
911,13776,2025-10-26,Wrong Item Delivered
2060,1425,2025-10-18,Late Delivery
2044,18512,2022-12-13,Defective Product
268,14058,2023-06-26,Wrong Item Delivered
1858,3378,2024-04-26,Wrong Item Delivered
490,3009,2021-12-20,Defective Product
1832,14637,2024-03-21,Damaged Product
2041,15926,2023-09-16,Damaged Product
2039,9638,2021-06-13,Defective Product
188,18839,2025-12-09,Changed Mind
427,2738,2022-06-21,Size Issue
1436,17741,2025-04-01,Late Delivery
146,448,2024-01-08,Late Delivery
1835,10321,2025-01-17,Late Delivery
667,14805,2021-01-07,Changed Mind
1724,16308,2024-02-19,Damaged Product
1603,12139,2024-09-12,Size Issue
1458,7018,2020-06-13,Late Delivery
457,3844,2021-03-24,Damaged Product
204,9612,2022-05-28,Damaged Product
2140,19562,2025-02-10,Damaged Product
2172,2428,2022-02-16,Defective Product
24,13364,2024-08-29,Changed Mind
208,1647,2023-10-12,Damaged Product
1411,716,2024-10-27,Changed Mind
825,10931,2022-07-29,Size Issue
2115,13301,2025-09-05,Damaged Product
2171,19995,2025-06-18,Defective Product
1668,18032,2024-07-20,Size Issue
3,14531,2020-06-26,Size Issue
2181,2911,2022-04-09,Wrong Item Delivered
1628,11570,2024-08-13,Wrong Item Delivered
1611,5412,2025-02-18,Wrong Item Delivered
1324,4454,2022-10-08,Size Issue
1374,2311,2025-07-16,Late Delivery
345,10410,2025-07-15,Size Issue
1228,7349,2025-08-07,Changed Mind
1778,14770,2024-07-17,Defective Product
151,17214,2024-06-29,Size Issue
1146,11195,2024-07-05,Damaged Product
1438,8285,2024-12-31,Damaged Product
1139,1389,2019-07-20,Damaged Product
1662,8550,2023-05-26,Damaged Product
664,6191,2025-12-05,Damaged Product
1097,17203,2025-10-29,Wrong Item Delivered
200,19428,2024-05-13,Late Delivery
1275,4056,2022-10-20,Size Issue
1315,15180,2023-03-02,Damaged Product
1975,11232,2024-12-12,Defective Product
910,16631,2024-01-28,Defective Product
1798,14361,2024-04-13,Late Delivery
1237,2895,2024-09-23,Size Issue
978,15343,2021-11-25,Changed Mind
1472,13495,2025-07-15,Defective Product
1353,17262,2022-01-18,Late Delivery
747,5729,2019-05-21,Size Issue
733,6355,2020-05-24,Changed Mind
1224,16000,2021-02-10,Late Delivery
2144,11588,2023-12-17,Late Delivery
28,12148,2024-01-25,Defective Product
2173,4799,2024-07-12,Wrong Item Delivered
389,9178,2023-03-05,Wrong Item Delivered
33,14930,2025-03-30,Damaged Product
1278,6215,2023-01-09,Damaged Product
1093,17771,2022-11-13,Late Delivery
1500,18485,2025-08-15,Damaged Product
328,10021,2023-04-18,Damaged Product
903,3228,2020-07-18,Damaged Product
1910,1300,2024-06-20,Wrong Item Delivered
967,6457,2019-03-11,Defective Product
959,12300,2025-04-19,Wrong Item Delivered
1316,18084,2022-03-02,Size Issue
590,1768,2024-02-03,Defective Product
520,1881,2024-02-22,Damaged Product
447,7966,2025-11-22,Damaged Product
1700,14755,2023-01-27,Size Issue
1868,1551,2025-04-23,Defective Product
1023,17840,2025-07-13,Changed Mind
767,16969,2021-06-03,Late Delivery
1379,14747,2025-07-08,Wrong Item Delivered
625,6436,2025-03-04,Size Issue
1986,5384,2021-09-09,Size Issue
1530,12468,2025-08-27,Damaged Product
499,6026,2022-03-29,Size Issue
956,16684,2023-08-18,Size Issue
1654,4096,2025-06-14,Damaged Product
1836,2585,2022-08-21,Late Delivery
566,1867,2025-04-26,Changed Mind
108,944,2020-12-12,Defective Product
632,9428,2023-06-06,Changed Mind
670,12122,2024-10-26,Wrong Item Delivered
1000,14852,2024-08-14,Changed Mind
1715,1750,2024-05-08,Changed Mind
1364,8929,2025-10-26,Damaged Product
1794,197,2021-04-25,Late Delivery
704,2772,2020-11-28,Damaged Product
2072,17692,2025-08-22,Defective Product
1421,16985,2025-09-16,Defective Product
1409,13401,2025-04-16,Size Issue
1793,11812,2025-03-11,Damaged Product
1215,18173,2025-10-10,Damaged Product
22,6271,2024-03-24,Changed Mind
1657,15460,2023-11-21,Changed Mind
2149,8051,2024-08-24,Wrong Item Delivered
852,3484,2024-07-29,Damaged Product
1060,943,2022-03-28,Wrong Item Delivered
2188,1727,2025-10-25,Damaged Product
1888,1609,2022-10-06,Changed Mind
429,16873,2024-04-20,Wrong Item Delivered
1690,7158,2023-06-09,Wrong Item Delivered
1638,9421,2025-02-22,Defective Product
1762,8283,2025-10-23,Size Issue
1653,18012,2024-07-08,Size Issue
139,17758,2022-05-23,Changed Mind
62,11521,2023-08-07,Size Issue
853,12138,2021-03-02,Size Issue
385,6141,2025-12-08,Changed Mind
2199,13525,2024-02-07,Size Issue
1826,17318,2023-11-02,Wrong Item Delivered
867,5682,2022-07-17,Size Issue
1814,11729,2024-04-20,Late Delivery
661,15417,2024-12-22,Wrong Item Delivered
1417,12863,2024-04-28,Late Delivery
1325,12299,2024-03-13,Size Issue
199,19952,2025-12-24,Changed Mind
1006,11549,2025-03-17,Changed Mind
399,14482,2025-11-05,Wrong Item Delivered
438,12906,2019-08-18,Changed Mind
950,210,2025-01-29,Changed Mind
848,8723,2025-03-29,Damaged Product
1711,19852,2023-08-09,Late Delivery
404,3951,2024-12-30,Size Issue
344,306,2023-08-07,Size Issue
1099,14028,2025-07-13,Changed Mind
1028,14535,2023-04-06,Damaged Product
2147,6636,2025-04-25,Size Issue
637,14190,2024-05-26,Wrong Item Delivered
4,18773,2024-08-08,Late Delivery
7,9326,2022-09-24,Damaged Product
1191,2751,2022-09-12,Late Delivery
384,4428,2025-12-13,Wrong Item Delivered
309,17391,2023-04-10,Defective Product
2094,17066,2022-01-09,Wrong Item Delivered
763,16599,2022-11-24,Damaged Product
655,4396,2025-10-10,Damaged Product
946,554,2023-10-18,Late Delivery
61,15557,2024-04-06,Defective Product
1761,3166,2025-03-06,Changed Mind
413,17124,2023-02-26,Changed Mind
170,11889,2023-07-25,Size Issue
920,17801,2023-01-26,Defective Product
1792,2410,2025-02-27,Damaged Product
1797,15489,2023-07-29,Damaged Product
99,2853,2023-11-22,Wrong Item Delivered
551,1279,2025-07-04,Late Delivery
1789,19941,2025-11-30,Late Delivery
578,2372,2022-05-05,Damaged Product
1955,6120,2022-08-07,Late Delivery
303,8204,2023-06-25,Changed Mind
1021,18200,2025-04-07,Defective Product
1652,9330,2022-09-15,Wrong Item Delivered
38,18713,2024-07-09,Late Delivery
1579,3702,2024-07-01,Defective Product
1399,2524,2022-11-25,Wrong Item Delivered
324,6762,2022-12-15,Size Issue
963,7693,2023-02-26,Changed Mind
515,9369,2024-12-01,Wrong Item Delivered
2042,16238,2025-12-03,Size Issue
1339,9944,2025-10-20,Damaged Product
988,3135,2020-02-19,Late Delivery
653,5404,2020-09-04,Changed Mind
834,12698,2025-04-10,Changed Mind
298,11308,2022-10-13,Damaged Product
2108,12036,2025-12-10,Changed Mind
1565,8687,2024-03-03,Defective Product
1672,1188,2023-12-29,Changed Mind
1857,3502,2024-09-09,Damaged Product
700,16706,2021-10-01,Defective Product
2126,9007,2025-01-10,Wrong Item Delivered
1538,4420,2023-11-01,Defective Product
516,3059,2022-12-06,Wrong Item Delivered
46,13777,2025-01-04,Damaged Product
835,15855,2025-01-28,Defective Product
1128,19079,2023-05-08,Late Delivery
1919,17785,2020-09-29,Damaged Product
1017,18005,2020-01-22,Damaged Product
1874,10889,2021-06-07,Late Delivery
576,19397,2022-11-03,Size Issue
1966,10454,2025-09-10,Wrong Item Delivered
1926,5983,2019-06-12,Wrong Item Delivered
1467,13388,2023-04-18,Wrong Item Delivered
58,1498,2022-05-27,Changed Mind
1706,2824,2025-07-07,Defective Product
1520,9648,2023-08-29,Changed Mind
815,12032,2025-12-19,Changed Mind
160,10434,2024-03-27,Defective Product
2059,2833,2024-04-24,Damaged Product
1036,18027,2022-10-29,Late Delivery
570,19601,2025-02-06,Changed Mind
1733,11425,2021-10-29,Late Delivery
1933,19870,2024-03-11,Wrong Item Delivered
2032,9540,2025-07-18,Changed Mind
1129,13957,2024-05-12,Defective Product
1804,16408,2024-02-11,Late Delivery
1819,535,2023-07-11,Late Delivery
734,3564,2025-06-11,Size Issue
1037,6828,2022-12-02,Defective Product
1504,9425,2025-05-13,Size Issue
577,11221,2025-06-30,Size Issue
562,5327,2025-08-07,Size Issue
478,520,2021-10-30,Defective Product
1527,7858,2021-07-18,Wrong Item Delivered
780,12457,2024-09-25,Size Issue
799,9883,2024-06-11,Late Delivery
796,2483,2023-11-09,Defective Product
1380,18046,2023-06-02,Defective Product
774,14004,2023-02-20,Wrong Item Delivered
546,13657,2025-03-24,Damaged Product
684,1769,2023-06-10,Wrong Item Delivered
1294,10239,2023-02-23,Damaged Product
1816,9985,2021-09-23,Defective Product
925,5672,2025-07-10,Wrong Item Delivered
1825,5833,2024-06-06,Changed Mind
96,994,2024-05-21,Damaged Product
1834,16875,2025-04-07,Changed Mind
786,3394,2023-05-16,Size Issue
1658,14808,2022-09-13,Late Delivery
1115,7063,2024-10-30,Damaged Product
1009,17346,2024-08-14,Size Issue
580,12872,2023-09-30,Wrong Item Delivered
2104,8631,2022-11-30,Defective Product
117,15634,2020-04-07,Late Delivery
260,18070,2024-02-11,Size Issue
2135,11881,2023-09-05,Changed Mind
2129,8344,2025-04-08,Defective Product
1875,17811,2024-07-01,Wrong Item Delivered
9,12461,2025-04-14,Damaged Product
219,4805,2021-11-04,Size Issue
367,8324,2025-12-03,Late Delivery
196,14176,2021-12-26,Wrong Item Delivered
1779,548,2021-08-08,Wrong Item Delivered
1276,18377,2024-05-05,Late Delivery
794,15316,2020-02-06,Damaged Product
1937,2363,2025-01-19,Wrong Item Delivered
1495,13605,2023-03-27,Changed Mind
1976,3743,2024-03-02,Wrong Item Delivered
1950,4640,2024-03-25,Damaged Product
1114,11911,2023-09-01,Changed Mind
1952,19838,2021-02-13,Damaged Product
1150,8801,2021-12-18,Size Issue
1057,10605,2023-04-28,Defective Product
448,8605,2024-06-24,Changed Mind
932,13670,2025-02-25,Size Issue
1511,7038,2020-10-24,Damaged Product
1645,19779,2025-07-10,Changed Mind
391,14979,2023-06-01,Damaged Product
285,16405,2021-01-27,Changed Mind
1782,4186,2022-11-20,Changed Mind
2012,15342,2025-06-19,Changed Mind
2027,10483,2024-05-18,Size Issue
1974,3246,2022-05-18,Damaged Product
197,2527,2025-11-01,Size Issue
971,10695,2022-11-05,Changed Mind
1014,3153,2025-02-17,Damaged Product
1522,1457,2025-01-10,Late Delivery
1258,17828,2024-04-26,Size Issue
2097,17452,2025-12-12,Changed Mind
1629,1378,2021-04-30,Late Delivery
1202,10720,2024-09-24,Damaged Product
918,2802,2020-07-19,Changed Mind
1535,18500,2025-10-26,Late Delivery
2036,4768,2024-11-30,Wrong Item Delivered
2106,1956,2025-12-27,Changed Mind
107,6148,2021-07-10,Defective Product
1450,8594,2023-07-07,Damaged Product
76,11977,2025-08-15,Late Delivery
1221,9372,2024-10-14,Damaged Product
12,11393,2025-09-01,Changed Mind
1586,14124,2022-03-25,Wrong Item Delivered
871,14691,2023-06-22,Damaged Product
469,10194,2023-12-14,Changed Mind
892,10800,2024-11-20,Changed Mind
1313,8545,2024-03-18,Size Issue
59,5440,2024-04-28,Late Delivery
102,12885,2022-05-25,Defective Product
1731,2599,2025-02-05,Damaged Product
377,3694,2022-07-31,Late Delivery
1882,12448,2025-09-27,Size Issue
154,3660,2024-01-02,Defective Product
359,333,2021-04-11,Changed Mind
783,13345,2025-08-13,Defective Product
563,17423,2023-07-30,Late Delivery
584,4260,2024-06-20,Changed Mind
1899,9189,2025-07-04,Late Delivery
1429,7262,2024-02-21,Late Delivery
1740,3954,2022-04-28,Damaged Product
1537,17446,2024-07-20,Late Delivery
1192,5858,2025-08-18,Damaged Product
1022,11435,2022-04-03,Damaged Product
657,10385,2023-08-24,Size Issue
868,2671,2024-01-14,Size Issue
2177,13140,2020-11-29,Changed Mind
1503,3751,2025-12-22,Damaged Product
2193,4557,2024-05-14,Wrong Item Delivered
1304,2278,2023-08-24,Wrong Item Delivered
86,19129,2022-03-16,Damaged Product
593,10910,2024-07-12,Wrong Item Delivered
691,16410,2025-01-11,Defective Product
829,10133,2023-12-21,Damaged Product
278,7780,2025-05-12,Changed Mind
1196,6224,2024-01-30,Late Delivery
229,1132,2025-11-27,Late Delivery
673,7361,2024-01-27,Damaged Product
1074,9958,2024-11-04,Defective Product
81,18763,2025-12-21,Late Delivery
2019,16769,2024-11-19,Damaged Product
1010,1406,2021-04-26,Damaged Product
658,1832,2024-05-15,Changed Mind
1164,4651,2024-07-01,Damaged Product
1344,11740,2025-05-13,Defective Product
692,16544,2022-07-24,Changed Mind
1822,12041,2023-07-21,Defective Product
647,11121,2020-01-31,Size Issue
482,2274,2024-12-05,Late Delivery
568,2412,2025-05-22,Late Delivery
1616,5964,2024-08-21,Damaged Product
642,8069,2024-04-10,Defective Product
2113,3800,2025-06-12,Wrong Item Delivered
60,14398,2025-06-18,Damaged Product
744,14399,2024-11-02,Wrong Item Delivered
250,9459,2025-08-31,Late Delivery
1301,17699,2021-11-03,Damaged Product
913,9311,2023-07-26,Changed Mind
1171,15575,2020-08-15,Size Issue
1366,5650,2025-06-09,Wrong Item Delivered
29,2801,2021-08-23,Changed Mind
2170,8375,2022-10-24,Defective Product
822,8092,2022-04-04,Late Delivery
555,3956,2021-02-04,Late Delivery
1823,6788,2023-06-13,Damaged Product
1682,13546,2025-11-30,Changed Mind
1096,1557,2025-04-05,Late Delivery
1369,953,2025-04-04,Late Delivery
406,14216,2023-04-24,Changed Mind
1005,14924,2024-04-29,Damaged Product
2176,12880,2024-03-14,Damaged Product
678,19636,2021-05-13,Damaged Product
635,17297,2023-03-02,Defective Product
1753,16994,2025-03-06,Changed Mind
1838,308,2024-02-28,Changed Mind
1449,5879,2025-06-27,Changed Mind
1368,17619,2024-08-12,Late Delivery
424,19103,2022-03-03,Damaged Product
472,665,2024-11-26,Defective Product
1807,3139,2020-03-30,Late Delivery
1605,2026,2024-06-05,Changed Mind
1431,9622,2024-03-09,Wrong Item Delivered
1359,15733,2025-02-07,Wrong Item Delivered
719,7833,2025-11-28,Defective Product
585,1908,2022-08-05,Changed Mind
94,7234,2023-04-17,Damaged Product
806,16770,2020-11-26,Late Delivery
495,19686,2022-08-10,Size Issue
2185,10761,2025-05-17,Damaged Product
1168,6233,2025-06-07,Changed Mind
694,13673,2022-04-22,Defective Product
1067,17165,2023-08-19,Changed Mind
1743,16143,2025-12-23,Wrong Item Delivered
1213,12970,2022-01-16,Late Delivery
1081,794,2025-08-08,Damaged Product
842,7711,2023-07-06,Late Delivery
723,9851,2024-08-20,Damaged Product
245,18402,2024-09-29,Defective Product
1921,7960,2025-09-02,Damaged Product
581,10039,2021-11-20,Damaged Product
800,14299,2025-07-05,Size Issue
720,14580,2022-05-23,Damaged Product
1226,6249,2025-01-27,Wrong Item Delivered
1641,6917,2023-10-12,Defective Product
1569,990,2023-01-31,Late Delivery
1971,1834,2023-10-07,Late Delivery
1185,11224,2024-09-23,Damaged Product
1267,10585,2024-02-03,Changed Mind
313,6111,2023-03-28,Late Delivery
14,6670,2024-11-15,Damaged Product
1173,16259,2024-07-05,Damaged Product
1306,6987,2024-07-03,Late Delivery
1326,10914,2025-06-09,Size Issue
1253,17974,2024-04-17,Damaged Product
1659,5248,2025-08-07,Defective Product
591,2931,2025-07-06,Damaged Product
132,16591,2024-03-26,Damaged Product
1904,14661,2020-10-16,Size Issue
689,13842,2025-08-10,Defective Product
626,10845,2023-12-25,Defective Product
1526,12827,2026-01-01,Changed Mind
645,3623,2024-06-14,Late Delivery
527,9596,2022-06-30,Damaged Product
128,11413,2024-08-28,Size Issue
2089,7495,2023-10-24,Wrong Item Delivered
1880,2029,2024-01-21,Defective Product
251,84,2019-09-13,Size Issue
596,2419,2023-06-16,Size Issue
288,19725,2024-04-05,Late Delivery
163,9835,2025-01-09,Damaged Product
1182,6108,2023-12-29,Wrong Item Delivered
1849,14116,2024-02-20,Damaged Product
98,16904,2023-12-26,Wrong Item Delivered
353,14268,2024-08-26,Changed Mind
1631,16396,2025-01-02,Damaged Product
674,8927,2025-03-13,Size Issue
656,13975,2025-03-21,Defective Product
1945,15271,2021-05-31,Damaged Product
331,18553,2022-05-25,Damaged Product
881,16063,2023-10-02,Size Issue
225,1787,2025-02-15,Changed Mind
1343,14877,2025-10-07,Wrong Item Delivered
1821,1155,2025-06-10,Wrong Item Delivered
2200,1797,2023-11-06,Wrong Item Delivered
706,18089,2020-06-04,Defective Product
112,10347,2024-06-29,Changed Mind
350,1018,2024-11-11,Wrong Item Delivered
1795,8099,2024-08-12,Defective Product
455,10920,2020-03-17,Wrong Item Delivered
1770,10509,2025-02-03,Changed Mind
306,6081,2021-06-12,Late Delivery
1581,18888,2024-12-04,Late Delivery
407,14498,2025-12-21,Changed Mind
1045,5053,2023-07-22,Wrong Item Delivered
70,3764,2023-03-13,Defective Product
1257,15065,2023-09-09,Defective Product
1644,4873,2024-10-11,Size Issue
332,9584,2024-01-10,Damaged Product
993,9699,2023-04-16,Wrong Item Delivered
1085,6501,2023-07-19,Late Delivery
2061,14438,2021-08-14,Changed Mind
525,1922,2023-12-26,Late Delivery
1946,7771,2024-11-02,Damaged Product
927,18164,2025-02-26,Changed Mind
917,18550,2024-10-13,Damaged Product
1240,2221,2024-09-14,Damaged Product
1299,17364,2019-03-28,Size Issue
314,12741,2024-01-25,Changed Mind
1613,14464,2024-04-01,Damaged Product
1928,9019,2025-11-19,Size Issue
1476,13070,2023-04-23,Size Issue
1007,15275,2022-12-14,Damaged Product
1157,11388,2025-12-04,Defective Product
2067,9954,2023-11-16,Defective Product
299,5817,2025-10-16,Late Delivery
1718,491,2019-11-09,Damaged Product
1328,11410,2025-12-24,Size Issue
697,16638,2020-09-20,Defective Product
1451,1568,2025-07-31,Defective Product
1265,13938,2025-03-20,Late Delivery
1669,12092,2022-01-30,Wrong Item Delivered
1734,9914,2025-10-18,Late Delivery
1080,8033,2025-03-24,Late Delivery
1440,9797,2021-12-16,Damaged Product
905,10721,2019-05-20,Late Delivery
644,17831,2020-09-28,Damaged Product
710,8810,2023-08-11,Late Delivery
666,1491,2024-03-06,Wrong Item Delivered
412,18421,2023-12-22,Damaged Product
1958,17888,2023-09-25,Defective Product
1873,19237,2025-08-21,Changed Mind
1469,8418,2025-05-25,Changed Mind
1464,17683,2025-01-20,Wrong Item Delivered
671,13754,2023-06-18,Changed Mind
1268,8200,2020-05-23,Wrong Item Delivered
1998,3511,2021-11-28,Damaged Product
1377,13108,2025-04-22,Damaged Product
1856,17605,2024-03-29,Changed Mind
1749,5853,2023-04-20,Damaged Product
1545,10818,2025-10-02,Size Issue
777,15215,2021-06-06,Size Issue
501,3780,2020-01-31,Changed Mind
366,17444,2025-02-23,Damaged Product
1759,5939,2025-05-04,Changed Mind
1042,14932,2019-11-16,Damaged Product
859,14745,2025-01-27,Defective Product
743,1003,2021-09-02,Changed Mind
1596,6473,2024-12-13,Size Issue
352,18801,2024-08-23,Damaged Product
1973,14546,2025-02-18,Late Delivery
811,1987,2022-05-24,Late Delivery
919,10682,2025-01-22,Size Issue
2109,4380,2026-01-05,Damaged Product
731,827,2023-09-15,Defective Product
821,4144,2025-12-10,Changed Mind
869,324,2021-01-07,Changed Mind
543,6955,2025-12-22,Late Delivery
1363,3939,2025-11-11,Late Delivery
526,5254,2023-03-18,Wrong Item Delivered
1391,13553,2020-04-30,Size Issue
1448,16345,2025-10-03,Changed Mind
651,6244,2023-05-07,Changed Mind
1977,2648,2025-08-03,Size Issue
1423,4730,2022-06-26,Changed Mind
962,12287,2024-04-04,Late Delivery
2124,19829,2021-12-11,Late Delivery
2051,15410,2025-04-10,Defective Product
1177,19702,2023-10-02,Size Issue
1283,5269,2025-09-06,Size Issue
342,4424,2025-07-29,Damaged Product
521,5728,2025-10-10,Late Delivery
707,13706,2023-06-23,Wrong Item Delivered
1741,14636,2024-01-21,Damaged Product
318,15213,2025-05-01,Late Delivery
2024,3127,2019-05-09,Damaged Product
1514,9280,2025-07-04,Wrong Item Delivered
401,3632,2022-07-01,Late Delivery
169,3582,2024-11-06,Late Delivery
595,2239,2023-05-24,Changed Mind
506,11719,2025-05-10,Changed Mind
1203,3070,2024-08-17,Defective Product
984,19908,2019-12-02,Defective Product
1878,14483,2025-12-11,Late Delivery
942,1548,2025-08-12,Wrong Item Delivered
1335,496,2023-05-01,Size Issue
776,2584,2024-04-27,Damaged Product
1147,18626,2022-07-19,Late Delivery
320,17537,2022-07-27,Size Issue
2022,858,2023-11-27,Wrong Item Delivered
1320,4249,2024-03-17,Defective Product
356,7325,2022-10-21,Damaged Product
716,13091,2024-03-01,Damaged Product
1372,913,2022-03-15,Damaged Product
1383,5017,2025-04-26,Wrong Item Delivered
1529,8806,2024-03-09,Size Issue
680,4122,2023-02-25,Late Delivery
2065,782,2024-10-17,Size Issue
2038,7744,2025-02-20,Wrong Item Delivered
1165,8688,2023-01-31,Wrong Item Delivered
1938,867,2020-11-23,Late Delivery
1465,13353,2022-01-19,Late Delivery
1223,13470,2023-06-15,Damaged Product
1461,3276,2023-06-01,Defective Product
1791,8770,2024-10-10,Damaged Product
638,12879,2024-05-12,Wrong Item Delivered
1713,15062,2022-02-05,Changed Mind
1546,12055,2025-07-10,Size Issue
746,2236,2021-11-28,Damaged Product
194,4474,2025-08-03,Late Delivery
2083,9672,2023-09-10,Late Delivery
1917,15310,2023-06-03,Late Delivery
1678,1536,2020-11-29,Changed Mind
1345,6520,2025-08-10,Late Delivery
542,19815,2025-07-26,Size Issue
538,261,2024-11-12,Changed Mind
2084,18271,2023-10-28,Damaged Product
2196,2203,2023-12-03,Damaged Product
19,14378,2025-08-31,Wrong Item Delivered
646,8218,2024-01-26,Late Delivery
435,4734,2023-07-04,Wrong Item Delivered
844,15015,2023-09-26,Size Issue
446,4493,2024-02-21,Defective Product
1827,16807,2024-10-17,Size Issue
1608,3380,2023-03-20,Damaged Product
1612,11402,2022-12-20,Damaged Product
440,15112,2023-05-20,Defective Product
725,10870,2023-04-24,Wrong Item Delivered
1049,12119,2021-10-19,Defective Product
793,4290,2025-07-22,Late Delivery
1382,15511,2025-05-03,Defective Product
787,17225,2023-01-17,Size Issue
827,6126,2023-08-09,Defective Product
2056,346,2025-06-12,Changed Mind
2088,11966,2022-11-10,Damaged Product
1544,14280,2021-01-17,Damaged Product
1677,6497,2022-04-17,Damaged Product
1470,2474,2024-01-17,Changed Mind
2137,14174,2022-07-18,Damaged Product
310,6870,2023-12-30,Wrong Item Delivered
487,8916,2024-04-20,Late Delivery
1760,17735,2023-02-11,Changed Mind
878,124,2024-01-02,Size Issue
1244,9218,2022-04-15,Wrong Item Delivered
693,9085,2024-08-08,Damaged Product
491,13095,2025-10-25,Wrong Item Delivered
2074,19044,2023-11-24,Damaged Product
559,3839,2024-07-24,Changed Mind
49,1037,2025-06-26,Defective Product
408,14318,2020-01-06,Defective Product
1286,9182,2022-09-01,Damaged Product
613,425,2024-03-14,Changed Mind
1622,7284,2025-04-09,Late Delivery
2165,7621,2025-10-05,Wrong Item Delivered
561,713,2025-07-05,Defective Product
1892,8990,2024-05-05,Damaged Product
2169,14285,2025-07-15,Late Delivery
1220,7415,2025-11-27,Damaged Product
873,9667,2019-07-06,Late Delivery
1062,9151,2022-09-17,Wrong Item Delivered
31,19184,2024-07-31,Defective Product
2114,16048,2025-06-27,Damaged Product
1637,529,2023-06-23,Wrong Item Delivered
1446,13409,2025-01-12,Size Issue
554,11419,2025-05-26,Late Delivery
764,19826,2023-02-22,Damaged Product
1812,12651,2025-01-16,Defective Product
1606,19448,2019-10-03,Late Delivery
1197,19232,2024-01-09,Late Delivery
1788,19478,2025-12-27,Damaged Product
775,1619,2025-11-02,Wrong Item Delivered
1109,7667,2022-03-20,Wrong Item Delivered
130,1540,2023-07-30,Defective Product
636,17323,2025-03-15,Late Delivery
556,14540,2023-10-14,Defective Product
849,17850,2025-04-21,Defective Product
1592,3770,2025-10-06,Damaged Product
1163,4130,2024-03-03,Wrong Item Delivered
456,19421,2024-02-03,Defective Product
164,16483,2024-09-14,Damaged Product
32,2157,2022-08-20,Damaged Product
1768,7666,2024-01-31,Wrong Item Delivered
1877,1552,2025-04-02,Wrong Item Delivered
1378,2138,2024-06-08,Changed Mind
1281,6015,2022-02-17,Late Delivery
2152,17019,2025-09-10,Damaged Product
1588,15654,2021-05-14,Wrong Item Delivered
43,9,2024-04-01,Damaged Product
1437,19919,2022-12-24,Size Issue
886,6894,2023-04-01,Size Issue
1750,12658,2023-03-14,Wrong Item Delivered
2130,18509,2025-02-01,Damaged Product
1300,5430,2025-07-24,Wrong Item Delivered
1920,6343,2021-05-02,Changed Mind
282,5482,2024-05-16,Changed Mind
1194,8478,2023-08-02,Changed Mind
934,1082,2024-09-17,Defective Product
2063,65,2025-08-20,Late Delivery
960,11451,2025-01-25,Damaged Product
1686,12259,2022-11-29,Size Issue
1742,19773,2024-01-25,Late Delivery
1029,4571,2025-03-04,Late Delivery
1441,16473,2024-09-20,Late Delivery
171,6888,2025-11-16,Defective Product
2151,2972,2025-04-27,Late Delivery
1178,4708,2024-08-22,Damaged Product
2002,3640,2024-01-23,Damaged Product
1675,12667,2024-10-05,Damaged Product
1068,5794,2025-08-23,Wrong Item Delivered
997,16347,2025-06-01,Wrong Item Delivered
207,11192,2022-04-08,Defective Product
239,17800,2023-09-02,Size Issue
402,13471,2025-09-20,Wrong Item Delivered
1176,9438,2023-09-05,Wrong Item Delivered
1348,7634,2024-09-27,Changed Mind
597,9390,2025-04-24,Wrong Item Delivered
668,1573,2022-12-30,Defective Product
513,11441,2024-01-13,Changed Mind
1963,2080,2025-05-18,Damaged Product
380,14901,2023-06-12,Late Delivery
924,14985,2025-08-17,Size Issue
1843,4600,2023-08-27,Late Delivery
156,18337,2024-06-05,Defective Product
1773,3081,2025-10-11,Wrong Item Delivered
891,11106,2023-03-29,Wrong Item Delivered
1039,1303,2025-07-11,Size Issue
1942,7414,2023-03-13,Late Delivery
1860,17685,2025-12-10,Changed Mind
926,11334,2025-11-22,Defective Product
2112,13243,2025-06-14,Defective Product
1953,19866,2025-09-30,Defective Product
1752,2654,2024-11-10,Changed Mind
1188,4265,2024-08-29,Wrong Item Delivered
531,4701,2025-11-04,Defective Product
1886,9419,2024-10-04,Size Issue
766,13551,2025-08-27,Wrong Item Delivered
1648,5367,2024-03-11,Defective Product
1004,4258,2024-11-26,Size Issue
951,2930,2024-11-25,Late Delivery
1636,11079,2024-01-12,Changed Mind
2146,13032,2021-07-17,Size Issue
2033,1970,2025-01-21,Size Issue
2018,14355,2024-06-16,Defective Product
1784,5914,2024-05-31,Changed Mind
983,12304,2025-02-13,Wrong Item Delivered
814,7054,2023-03-25,Changed Mind
1061,15441,2025-12-05,Changed Mind
685,8095,2023-11-01,Late Delivery
801,17240,2025-03-24,Late Delivery
1517,10709,2022-12-24,Changed Mind
410,4917,2024-09-20,Damaged Product
994,14423,2023-06-30,Damaged Product
238,12023,2024-07-22,Wrong Item Delivered
1367,15397,2025-07-08,Defective Product
297,15695,2022-12-01,Late Delivery
201,9961,2025-12-23,Defective Product
376,18052,2025-05-14,Changed Mind
1852,3580,2024-06-20,Defective Product
100,3881,2022-08-30,Damaged Product
687,13650,2024-04-09,Wrong Item Delivered
648,12134,2023-11-15,Defective Product
110,12692,2024-05-29,Damaged Product
1361,11917,2023-12-18,Late Delivery
180,15150,2023-02-06,Late Delivery
623,16568,2025-05-29,Size Issue
1806,10020,2024-01-09,Defective Product
631,17976,2022-05-12,Changed Mind
1725,199,2025-01-14,Wrong Item Delivered
1143,19171,2021-06-27,Changed Mind
2155,18592,2025-12-15,Defective Product
159,14549,2024-05-04,Damaged Product
2132,2072,2023-06-04,Defective Product
135,11268,2024-09-29,Size Issue
486,7357,2023-04-06,Defective Product
888,10879,2024-04-07,Size Issue
53,19791,2025-01-28,Damaged Product
1385,5309,2024-12-09,Late Delivery
1284,581,2025-10-28,Size Issue
1617,2032,2023-03-15,Defective Product
1635,3687,2023-10-26,Late Delivery
330,4767,2022-09-16,Damaged Product
969,16407,2024-01-02,Late Delivery
1322,18467,2024-05-16,Damaged Product
737,18809,2023-07-27,Damaged Product
755,7102,2025-10-13,Defective Product
1024,5645,2021-11-09,Late Delivery
1941,2892,2024-07-29,Damaged Product
1947,14936,2025-11-17,Size Issue
23,375,2020-09-06,Changed Mind
785,15081,2021-12-15,Damaged Product
474,3282,2025-12-07,Size Issue
1307,13391,2025-10-24,Size Issue
609,16206,2023-07-11,Changed Mind
2081,16533,2024-07-04,Defective Product
2105,2400,2022-12-03,Size Issue
1903,19518,2024-12-07,Defective Product
2167,4079,2025-07-16,Wrong Item Delivered
290,10328,2022-10-26,Damaged Product
1270,4080,2025-11-19,Defective Product
1817,4662,2020-08-25,Damaged Product
468,4529,2025-10-14,Wrong Item Delivered
605,5805,2023-05-31,Defective Product
67,17928,2024-07-14,Wrong Item Delivered
452,14022,2025-07-20,Wrong Item Delivered
2163,16402,2025-08-19,Size Issue
1041,6000,2024-04-07,Damaged Product
211,14596,2024-05-21,Changed Mind
1708,18284,2021-08-10,Changed Mind
144,11341,2024-12-23,Size Issue
2057,9676,2020-12-17,Late Delivery
1820,9915,2022-05-16,Damaged Product
717,9647,2020-06-13,Defective Product
1209,3476,2020-12-05,Size Issue
1607,7908,2025-01-26,Changed Mind
1745,11747,2020-06-21,Size Issue
1755,7790,2024-08-25,Damaged Product
533,10436,2025-11-11,Damaged Product
1434,19542,2021-10-06,Defective Product
1683,6042,2024-05-04,Defective Product
1145,4624,2024-12-27,Wrong Item Delivered
683,15448,2024-04-13,Late Delivery
90,15857,2023-03-16,Wrong Item Delivered
222,19262,2025-02-27,Defective Product
1251,14017,2024-12-11,Late Delivery
1674,6133,2022-07-21,Defective Product
1132,1382,2024-07-11,Defective Product
473,8704,2021-06-02,Damaged Product
1982,443,2024-07-13,Defective Product
624,11027,2019-09-02,Late Delivery
1291,11108,2025-10-05,Defective Product
2009,1767,2020-12-05,Defective Product
1930,19065,2021-05-20,Defective Product
1787,3808,2023-04-17,Changed Mind
1274,2626,2022-12-18,Late Delivery
1902,6844,2023-07-09,Damaged Product
2189,18148,2025-07-20,Changed Mind
421,16420,2025-06-16,Size Issue
831,9347,2023-05-28,Changed Mind
141,9869,2023-11-23,Late Delivery
1912,10043,2025-03-11,Damaged Product
1491,15188,2025-05-29,Late Delivery
463,5618,2025-09-13,Late Delivery
1502,11913,2022-08-08,Size Issue
912,1352,2021-08-01,Size Issue
106,4715,2024-09-11,Defective Product
1839,8436,2024-09-25,Changed Mind
890,7318,2021-01-21,Wrong Item Delivered
1568,12002,2025-03-29,Changed Mind
943,6022,2025-12-11,Changed Mind
1175,9377,2024-07-29,Late Delivery
1521,5533,2022-06-25,Late Delivery
1837,17650,2023-02-01,Late Delivery
1428,1088,2025-07-13,Wrong Item Delivered
1327,5736,2023-09-26,Size Issue
614,6413,2024-05-24,Wrong Item Delivered
1394,11367,2022-01-16,Changed Mind
1149,2493,2024-04-14,Defective Product
1840,17426,2023-07-17,Defective Product
1373,18107,2022-07-06,Defective Product
1393,19885,2024-03-09,Damaged Product
1166,17172,2025-09-23,Size Issue
1808,8838,2025-04-19,Defective Product
1046,2592,2024-02-13,Changed Mind
519,18646,2025-07-11,Defective Product
1619,19028,2023-06-15,Damaged Product
1623,8000,2022-07-09,Defective Product
50,7252,2024-05-17,Defective Product
1561,16984,2025-08-08,Damaged Product
1978,12518,2024-04-07,Late Delivery
54,18376,2024-07-23,Size Issue
1101,18607,2025-10-17,Wrong Item Delivered
1799,3021,2025-07-23,Wrong Item Delivered
1701,18000,2025-07-17,Late Delivery
1501,1298,2023-05-16,Defective Product
819,18292,2021-04-08,Defective Product
1169,12255,2025-09-20,Damaged Product
640,18999,2025-04-06,Damaged Product
1167,8053,2023-08-22,Changed Mind
1051,17931,2023-06-20,Damaged Product
2011,16036,2022-07-28,Wrong Item Delivered
498,6196,2023-04-16,Changed Mind
957,9578,2022-11-16,Damaged Product
26,6478,2020-11-30,Damaged Product
1722,7939,2021-03-05,Damaged Product
78,979,2025-08-04,Late Delivery
249,16634,2021-12-31,Damaged Product
1410,13973,2024-11-04,Damaged Product
1818,11567,2019-12-08,Size Issue
1609,8235,2023-03-13,Damaged Product
1885,13249,2022-03-22,Damaged Product
1519,16046,2025-09-20,Defective Product
970,2418,2023-04-20,Late Delivery
1475,4789,2023-08-31,Damaged Product
273,4137,2024-07-08,Defective Product
1016,16919,2022-07-09,Late Delivery
241,18524,2024-01-09,Changed Mind
906,9785,2025-07-24,Late Delivery
311,16680,2020-06-15,Wrong Item Delivered
985,14629,2025-09-11,Wrong Item Delivered
1078,19071,2021-08-26,Damaged Product
242,313,2024-08-08,Changed Mind
395,15897,2023-04-14,Defective Product
1626,17894,2024-05-24,Size Issue
2034,4219,2024-04-17,Changed Mind
508,7505,2023-08-05,Defective Product
1087,14847,2024-01-01,Changed Mind
899,7381,2023-12-20,Wrong Item Delivered
1310,9160,2024-12-14,Defective Product
1397,13743,2024-10-08,Late Delivery
745,11801,2024-01-26,Late Delivery
1180,59,2022-09-13,Defective Product
1442,17352,2024-09-14,Damaged Product
279,5114,2024-09-19,Changed Mind
2093,7162,2024-12-24,Damaged Product
586,2955,2022-05-31,Damaged Product
765,16210,2025-11-23,Damaged Product
1516,1083,2023-03-01,Changed Mind
274,9167,2024-03-19,Size Issue
379,14420,2022-02-16,Changed Mind
307,8173,2022-09-22,Defective Product
1298,11714,2025-04-02,Damaged Product
63,15597,2024-05-26,Wrong Item Delivered
261,12482,2024-07-16,Size Issue
2023,3840,2022-01-27,Damaged Product
503,16605,2023-04-25,Damaged Product
1064,17875,2025-01-12,Wrong Item Delivered
1506,18572,2024-06-02,Size Issue
1254,19790,2025-07-26,Defective Product
1136,19144,2022-02-09,Wrong Item Delivered
820,344,2024-09-13,Size Issue
1883,752,2024-09-27,Changed Mind
1329,15226,2023-09-29,Size Issue
253,14899,2024-07-06,Defective Product
1479,2469,2024-08-20,Size Issue
715,16476,2023-09-06,Late Delivery
2017,12792,2025-12-13,Defective Product
215,9604,2025-09-22,Damaged Product
876,19099,2024-06-18,Changed Mind
2048,4433,2022-04-09,Changed Mind
1991,6967,2020-10-30,Wrong Item Delivered
1845,13916,2021-03-10,Changed Mind
326,3294,2025-11-18,Changed Mind
1222,13885,2022-08-25,Changed Mind
2021,16374,2025-10-15,Damaged Product
69,19980,2021-12-16,Late Delivery
896,4783,2021-06-18,Damaged Product
1909,11329,2025-12-04,Late Delivery
1212,961,2024-07-27,Damaged Product
397,19907,2025-03-04,Changed Mind
1844,18462,2025-01-21,Defective Product
65,2042,2025-09-06,Defective Product
1355,9687,2022-03-10,Late Delivery
855,15357,2025-02-23,Size Issue
1140,16306,2024-01-30,Changed Mind
1765,1649,2020-06-24,Late Delivery
364,10981,2023-10-18,Changed Mind
1338,3605,2023-03-29,Wrong Item Delivered
129,17636,2023-01-06,Wrong Item Delivered
761,16548,2025-04-07,Late Delivery
441,2720,2022-08-31,Size Issue
1219,7380,2025-08-12,Late Delivery
2145,19078,2024-04-09,Damaged Product
2142,5438,2023-06-20,Late Delivery
1044,11369,2024-11-17,Changed Mind
1249,19646,2024-06-14,Changed Mind
2029,18277,2023-11-17,Size Issue
564,1993,2021-03-02,Changed Mind
703,18700,2021-04-06,Late Delivery
243,13283,2024-05-06,Damaged Product
1100,14325,2025-04-20,Wrong Item Delivered
830,1728,2023-02-09,Changed Mind
1781,18796,2025-05-21,Late Delivery
101,16199,2022-12-12,Defective Product
360,8751,2025-01-06,Defective Product
1248,13636,2025-10-21,Damaged Product
370,4573,2022-06-16,Defective Product
1907,12615,2023-03-25,Late Delivery
2198,9479,2022-07-09,Size Issue
1541,12126,2024-10-12,Size Issue
795,11400,2025-12-11,Defective Product
1031,14593,2024-08-11,Defective Product
1392,287,2022-01-10,Changed Mind
1273,10948,2023-02-14,Wrong Item Delivered
1763,14468,2023-10-01,Changed Mind
1959,11628,2025-03-04,Wrong Item Delivered
1684,9423,2024-09-24,Late Delivery
1829,3674,2024-11-17,Wrong Item Delivered
537,19916,2022-04-10,Late Delivery
1008,16957,2025-10-20,Damaged Product
2161,12693,2024-10-11,Size Issue
1923,16889,2025-10-10,Changed Mind
319,9811,2021-08-11,Changed Mind
1810,12786,2025-02-05,Wrong Item Delivered
973,7033,2025-05-07,Late Delivery
57,16110,2025-07-13,Damaged Product
1408,3356,2025-05-09,Changed Mind
1580,7275,2022-08-03,Wrong Item Delivered
358,2962,2025-02-12,Damaged Product
1555,15749,2023-08-15,Size Issue
511,12381,2020-12-28,Changed Mind
1571,1243,2023-06-13,Wrong Item Delivered
1757,267,2021-01-07,Wrong Item Delivered
1195,4695,2022-11-22,Size Issue
1990,14673,2025-07-14,Defective Product
1250,11281,2023-03-27,Wrong Item Delivered
1211,17985,2025-10-04,Wrong Item Delivered
11,2492,2025-06-08,Wrong Item Delivered
2055,4970,2024-04-28,Late Delivery
183,11930,2023-04-11,Late Delivery
2075,4563,2025-04-28,Damaged Product
628,2180,2022-01-15,Damaged Product
1090,17625,2024-06-25,Late Delivery
1214,923,2025-04-12,Wrong Item Delivered
1141,6935,2025-07-18,Late Delivery
1748,19364,2023-09-15,Damaged Product
947,1996,2021-01-28,Changed Mind
138,10696,2020-10-25,Late Delivery
1594,9974,2023-06-19,Damaged Product
866,7757,2025-01-28,Defective Product
908,12576,2021-06-27,Changed Mind
1720,1143,2022-02-01,Late Delivery
1962,13608,2026-01-12,Size Issue
701,6097,2024-05-03,Wrong Item Delivered
718,16018,2024-03-15,Damaged Product
1887,9807,2021-01-04,Size Issue
1073,12977,2024-07-10,Defective Product
2141,16249,2025-08-22,Late Delivery
126,13439,2025-10-09,Late Delivery
870,9364,2025-01-19,Damaged Product
879,12866,2024-05-25,Wrong Item Delivered
1071,13491,2025-07-04,Size Issue
257,11351,2023-10-06,Wrong Item Delivered
1997,7204,2023-11-18,Late Delivery
1815,5791,2024-10-15,Wrong Item Delivered
1578,15304,2024-08-12,Defective Product
840,5245,2024-03-27,Changed Mind
1805,9025,2024-12-22,Late Delivery
92,13567,2022-07-07,Defective Product
1949,5218,2023-01-15,Wrong Item Delivered
17,291,2025-09-22,Damaged Product
1736,9777,2023-12-08,Damaged Product
1430,4389,2023-01-21,Size Issue
1847,717,2025-12-04,Damaged Product
1072,1722,2025-07-24,Defective Product
158,17679,2024-04-29,Wrong Item Delivered
1940,7705,2023-04-09,Changed Mind
1375,9150,2023-11-08,Size Issue
1774,13799,2023-04-02,Late Delivery
884,5774,2025-11-03,Late Delivery
1566,18461,2025-10-28,Late Delivery
991,13647,2021-08-18,Late Delivery
972,15101,2023-11-27,Wrong Item Delivered
659,11509,2025-05-16,Damaged Product
383,2095,2023-09-17,Late Delivery
1243,8091,2021-05-06,Late Delivery
2110,302,2022-08-27,Damaged Product
2079,19712,2024-03-27,Wrong Item Delivered
1732,15746,2022-05-06,Late Delivery
91,15548,2024-08-26,Late Delivery
675,7382,2020-06-30,Defective Product
430,3919,2025-08-13,Wrong Item Delivered
103,13459,2023-03-26,Damaged Product
1079,16197,2024-07-09,Changed Mind
1939,6600,2024-09-14,Wrong Item Delivered
458,1715,2023-04-16,Late Delivery
1013,4006,2020-03-14,Defective Product
615,1150,2025-04-10,Defective Product
1553,5247,2024-11-26,Changed Mind
914,3435,2025-05-07,Size Issue
1152,10121,2025-10-14,Late Delivery
1693,682,2023-03-15,Defective Product
1134,13989,2019-09-27,Wrong Item Delivered
485,2559,2025-08-13,Wrong Item Delivered
44,8353,2021-09-08,Late Delivery
423,11353,2024-08-29,Defective Product
594,14407,2024-01-14,Wrong Item Delivered
39,3395,2022-04-06,Size Issue
1137,19788,2024-07-16,Wrong Item Delivered
589,7074,2025-05-01,Damaged Product
810,13417,2023-09-05,Damaged Product
999,4217,2022-05-25,Wrong Item Delivered
454,15074,2024-02-22,Late Delivery
818,8124,2024-09-17,Wrong Item Delivered
1370,15552,2024-04-19,Late Delivery
2179,15671,2025-03-05,Late Delivery
161,5395,2024-04-07,Size Issue
1981,17627,2025-09-12,Late Delivery
1170,17550,2024-03-03,Size Issue
1103,6204,2025-09-04,Defective Product
475,4719,2024-10-25,Changed Mind
1735,7287,2024-09-07,Defective Product
1282,17531,2025-03-04,Late Delivery
97,12722,2023-12-11,Defective Product
1314,2664,2025-12-26,Damaged Product
1210,18192,2025-07-03,Damaged Product
1340,11648,2024-03-20,Late Delivery
750,2271,2023-10-07,Damaged Product
1980,10405,2022-07-27,Damaged Product
789,35,2024-11-28,Damaged Product
1493,13739,2022-07-19,Size Issue
1123,15194,2021-05-09,Late Delivery
227,17722,2025-03-06,Size Issue
451,7020,2023-04-22,Late Delivery
877,13309,2024-04-21,Damaged Product
2143,16767,2024-09-08,Size Issue
382,17008,2025-03-26,Size Issue
2066,2846,2024-02-29,Changed Mind
1486,9801,2025-05-26,Wrong Item Delivered
816,15864,2025-11-08,Late Delivery
1913,17310,2025-09-13,Defective Product
1056,6755,2024-04-21,Late Delivery
649,15942,2022-08-05,Wrong Item Delivered
1302,1273,2024-09-25,Wrong Item Delivered
1786,11791,2020-12-08,Size Issue
322,6765,2021-04-17,Late Delivery
652,7103,2024-11-18,Size Issue
1896,14024,2023-03-17,Late Delivery
2003,18305,2024-12-01,Size Issue
2164,15497,2025-12-15,Late Delivery
1508,16834,2025-01-27,Late Delivery
949,8354,2024-04-10,Defective Product
443,51,2024-05-19,Changed Mind
1528,9917,2025-08-05,Late Delivery
1664,2629,2023-04-23,Size Issue
583,4579,2023-02-07,Changed Mind
1911,13516,2024-09-08,Changed Mind
751,14718,2025-05-15,Size Issue
2133,4395,2020-07-26,Defective Product
1601,11660,2026-01-07,Damaged Product
1011,1897,2024-11-25,Late Delivery
1698,3292,2024-12-27,Changed Mind
874,18568,2025-02-17,Late Delivery
714,5381,2024-10-05,Late Delivery
372,17917,2025-04-08,Late Delivery
398,12761,2021-08-29,Damaged Product
1915,11015,2022-03-29,Changed Mind
1189,4904,2025-04-29,Late Delivery
189,12475,2023-03-28,Wrong Item Delivered
922,14992,2025-03-14,Late Delivery
321,2098,2025-05-05,Late Delivery
1515,2874,2024-03-21,Size Issue
2103,1115,2024-03-03,Late Delivery
641,13075,2024-10-16,Changed Mind
1200,2167,2024-02-18,Changed Mind
123,6258,2023-07-08,Changed Mind
10,1295,2022-03-09,Changed Mind
1988,9361,2024-08-07,Late Delivery
165,5637,2024-03-29,Wrong Item Delivered
805,19898,2025-04-12,Damaged Product
1811,9028,2025-07-18,Size Issue
1647,10885,2021-11-06,Changed Mind
1126,16989,2025-11-04,Late Delivery
232,6216,2025-02-13,Wrong Item Delivered
1376,18791,2023-01-23,Defective Product
374,7323,2024-05-15,Changed Mind
572,2176,2023-10-26,Size Issue
2077,2624,2024-06-17,Damaged Product
1585,4683,2022-08-06,Changed Mind
727,2001,2023-04-03,Damaged Product
272,12190,2023-02-18,Late Delivery
1646,1549,2025-04-19,Late Delivery
1964,4591,2023-08-26,Defective Product
1714,6162,2024-06-28,Changed Mind
2043,16047,2021-10-13,Defective Product
240,4553,2022-07-14,Late Delivery
935,6237,2023-05-29,Changed Mind
1208,16835,2022-11-30,Defective Product
77,9642,2025-09-21,Defective Product
224,15642,2023-05-06,Wrong Item Delivered
663,4159,2024-07-29,Changed Mind
643,3124,2021-06-14,Defective Product
1595,19345,2019-12-10,Damaged Product
982,12432,2025-04-08,Wrong Item Delivered
1710,18730,2024-01-24,Size Issue
1543,14983,2025-04-25,Damaged Product
1900,17715,2025-12-11,Changed Mind
461,17243,2024-10-03,Damaged Product
312,2003,2025-04-24,Changed Mind
1043,6858,2023-08-04,Changed Mind
1216,8261,2024-03-23,Size Issue
414,14481,2024-01-20,Defective Product
1030,11234,2025-01-21,Defective Product
1179,19061,2022-10-14,Defective Product
281,1788,2021-10-09,Size Issue
500,16988,2024-11-09,Damaged Product
329,19583,2024-08-28,Damaged Product
1,9630,2024-10-17,Size Issue
573,16964,2021-03-15,Late Delivery
933,8650,2025-06-04,Defective Product
1780,3633,2024-12-29,Defective Product
1729,6079,2024-10-17,Late Delivery
610,9841,2024-02-26,Damaged Product
742,17191,2021-02-23,Defective Product
1186,11809,2025-05-21,Late Delivery
340,3613,2025-02-14,Size Issue
1207,1610,2024-09-04,Wrong Item Delivered
494,4795,2025-11-10,Damaged Product
2194,3882,2021-10-22,Damaged Product
782,13275,2024-05-12,Late Delivery
1121,4576,2023-12-18,Size Issue
1691,14476,2025-05-27,Changed Mind
928,5484,2025-03-15,Damaged Product
56,17146,2025-09-04,Damaged Product
351,3523,2025-06-15,Size Issue
1994,7804,2025-10-12,Late Delivery
941,7413,2025-03-13,Damaged Product
772,6420,2025-08-09,Late Delivery
40,5035,2025-08-31,Changed Mind
523,6218,2021-05-08,Wrong Item Delivered
1289,14384,2024-05-15,Defective Product
492,5649,2023-05-20,Damaged Product
305,10921,2022-02-04,Changed Mind
216,17365,2025-07-08,Size Issue
1850,16710,2024-04-10,Late Delivery
1323,4107,2023-08-08,Damaged Product
1396,14826,2024-07-01,Changed Mind
539,615,2025-09-09,Defective Product
2040,12706,2024-12-30,Damaged Product
1721,16207,2024-11-07,Size Issue
1262,6142,2020-10-19,Size Issue
1401,11348,2020-08-06,Damaged Product
1113,15652,2022-11-21,Changed Mind
2195,15377,2021-09-22,Damaged Product
1554,15762,2024-02-25,Changed Mind
6,1567,2021-08-31,Changed Mind
2086,8774,2024-11-11,Changed Mind
269,14743,2022-10-04,Damaged Product
1063,16196,2020-12-07,Size Issue
153,6781,2025-06-06,Damaged Product
80,2621,2025-06-17,Changed Mind
1454,2933,2022-09-07,Damaged Product
1266,16698,2025-05-16,Defective Product
762,5851,2022-11-06,Changed Mind
845,13093,2023-09-24,Size Issue
390,15376,2024-01-19,Damaged Product
346,1219,2025-09-23,Wrong Item Delivered
175,8953,2024-02-08,Damaged Product
277,1245,2021-04-19,Late Delivery
1531,6668,2023-02-15,Late Delivery
2025,16828,2023-08-09,Late Delivery
25,2572,2025-08-04,Wrong Item Delivered
162,17637,2021-08-31,Size Issue
2013,1904,2021-08-25,Late Delivery
695,7636,2024-02-22,Defective Product
2087,8505,2023-03-15,Changed Mind
120,14020,2025-09-26,Late Delivery
1083,10850,2025-04-18,Defective Product
263,10054,2024-02-13,Damaged Product
1803,4115,2025-01-05,Defective Product
571,12942,2022-05-08,Defective Product
1967,1511,2025-03-06,Wrong Item Delivered
1193,11805,2025-01-28,Wrong Item Delivered
82,17478,2025-09-15,Damaged Product
1954,18218,2025-04-27,Size Issue
1801,12820,2025-09-13,Late Delivery
739,2495,2024-12-16,Changed Mind
1935,16661,2023-02-07,Wrong Item Delivered
1871,17379,2025-08-26,Wrong Item Delivered
2082,11793,2022-02-18,Wrong Item Delivered
1246,7700,2024-02-29,Size Issue
2166,14988,2025-08-08,Late Delivery
1119,13206,2021-10-07,Late Delivery
411,18908,2024-10-08,Wrong Item Delivered
1993,5778,2024-10-08,Changed Mind
1809,13147,2023-10-27,Changed Mind
114,14601,2024-08-02,Late Delivery
1996,18753,2022-12-19,Changed Mind
436,17276,2021-07-16,Damaged Product
84,10268,2022-03-30,Late Delivery
93,6423,2024-10-28,Wrong Item Delivered
302,5321,2025-11-10,Wrong Item Delivered
20,17759,2024-09-05,Wrong Item Delivered
1583,1283,2025-04-04,Wrong Item Delivered
186,18428,2025-07-04,Defective Product
228,11829,2025-07-08,Late Delivery
1234,18882,2023-02-08,Damaged Product
334,7293,2024-05-16,Changed Mind
1632,3446,2024-12-31,Late Delivery
1552,15590,2023-07-23,Damaged Product
1256,3309,2025-12-15,Size Issue
1936,7624,2024-06-02,Late Delivery
509,981,2022-08-03,Wrong Item Delivered
1453,11696,2024-08-17,Damaged Product
315,13622,2020-08-22,Damaged Product
1105,16292,2025-05-02,Damaged Product
791,13224,2021-08-22,Wrong Item Delivered
828,4924,2024-12-30,Late Delivery
1642,3841,2021-09-02,Late Delivery
552,2381,2025-12-10,Damaged Product
672,628,2025-03-23,Defective Product
1783,6109,2025-07-14,Changed Mind
1263,13895,2021-06-11,Size Issue
1162,15812,2024-04-12,Changed Mind
1050,3821,2025-11-28,Late Delivery
2062,4128,2025-02-08,Wrong Item Delivered
1205,571,2021-07-08,Late Delivery
341,14451,2024-10-11,Late Delivery
1086,16742,2024-05-08,Changed Mind
308,3683,2024-10-27,Damaged Product
2049,6489,2024-10-22,Wrong Item Delivered
923,8671,2021-03-04,Changed Mind
1183,8083,2024-01-11,Damaged Product
1548,4057,2023-10-08,Wrong Item Delivered
1777,3910,2024-05-18,Defective Product
1496,14354,2025-03-28,Defective Product
18,2821,2024-06-03,Wrong Item Delivered
1744,19651,2024-11-05,Late Delivery
68,5735,2021-03-21,Damaged Product
2053,17436,2024-11-08,Damaged Product
2020,16864,2024-05-29,Damaged Product
722,911,2022-10-21,Damaged Product
113,11885,2025-12-13,Changed Mind
1889,385,2024-11-07,Size Issue
1861,5452,2023-10-25,Changed Mind
2102,17812,2022-07-29,Damaged Product
726,9923,2024-05-15,Changed Mind
1643,10636,2024-05-13,Size Issue
517,9755,2023-12-21,Size Issue
2156,13756,2025-11-02,Late Delivery
1127,13587,2021-10-05,Defective Product
416,19718,2025-07-24,Changed Mind
1591,2662,2023-05-07,Changed Mind
1512,5010,2025-03-09,Defective Product
1498,2052,2024-08-28,Late Delivery
264,1011,2021-02-08,Size Issue
394,15473,2025-12-26,Size Issue
1790,9712,2023-05-01,Defective Product
847,3328,2023-07-02,Late Delivery
292,12351,2025-04-09,Damaged Product
1288,8524,2024-11-30,Changed Mind
252,11059,2021-09-03,Changed Mind
1927,10199,2025-03-19,Late Delivery
606,16314,2025-05-22,Late Delivery
1696,5673,2025-12-21,Damaged Product
1116,14910,2022-12-02,Defective Product
1439,13228,2023-12-13,Damaged Product
1026,15977,2022-10-08,Changed Mind
1574,15708,2025-05-29,Damaged Product
1400,18872,2025-10-03,Late Delivery
381,11715,2023-12-16,Damaged Product
1956,14208,2023-02-28,Defective Product
2046,7639,2023-09-10,Changed Mind
968,17583,2022-05-04,Size Issue
368,17663,2025-05-16,Wrong Item Delivered
403,12162,2022-11-05,Wrong Item Delivered
679,10161,2025-07-19,Damaged Product
2014,13833,2025-11-02,Damaged Product
567,10190,2025-08-07,Changed Mind
1027,4059,2023-08-10,Damaged Product
1120,9208,2023-02-13,Wrong Item Delivered
900,10542,2025-01-11,Size Issue
536,12488,2024-08-24,Damaged Product
1796,6778,2022-10-07,Size Issue
952,15282,2024-10-08,Damaged Product
980,15688,2024-09-09,Wrong Item Delivered
497,4677,2020-04-01,Damaged Product
548,18533,2025-10-26,Damaged Product
460,2597,2023-07-18,Defective Product
1309,5950,2024-01-29,Size Issue
212,11686,2024-01-09,Damaged Product
938,1479,2024-06-01,Changed Mind
1435,5614,2024-05-27,Defective Product
1670,12175,2025-02-04,Wrong Item Delivered
174,15249,2025-10-31,Late Delivery
1312,2005,2025-01-12,Changed Mind
193,19701,2023-04-14,Damaged Product
143,2014,2022-06-26,Defective Product
1918,10614,2025-01-27,Wrong Item Delivered
1929,15646,2025-03-13,Damaged Product
1217,7127,2025-05-22,Wrong Item Delivered
1138,10661,2024-10-16,Wrong Item Delivered
1426,16020,2025-12-16,Late Delivery
230,3794,2025-06-13,Damaged Product
1242,7885,2024-09-11,Size Issue
598,2964,2024-12-04,Damaged Product
155,17292,2024-11-15,Size Issue
1455,772,2024-12-16,Late Delivery
885,18540,2025-08-05,Damaged Product
1206,17174,2024-01-29,Wrong Item Delivered
1360,15576,2025-11-29,Changed Mind
2098,10379,2025-04-27,Damaged Product
75,11258,2024-04-16,Damaged Product
809,8003,2025-11-09,Size Issue
415,3772,2020-12-29,Late Delivery
1460,10983,2024-12-22,Size Issue
1231,14646,2023-09-22,Size Issue
931,410,2024-09-26,Size Issue
1650,19288,2022-03-29,Defective Product
234,5892,2023-08-16,Late Delivery
2069,5206,2025-12-08,Damaged Product
2116,4827,2024-09-05,Wrong Item Delivered
804,115,2024-01-30,Late Delivery
883,936,2024-08-23,Size Issue
1634,1172,2025-06-29,Changed Mind
1055,8487,2023-02-21,Late Delivery
291,2332,2025-04-04,Late Delivery
915,3685,2025-02-23,Defective Product
1957,19709,2023-07-17,Changed Mind
1094,8211,2025-07-29,Late Delivery
1112,4139,2021-04-26,Wrong Item Delivered
1890,4426,2024-08-08,Size Issue
115,15765,2023-08-15,Wrong Item Delivered
1573,5859,2025-06-13,Damaged Product
466,13971,2025-09-19,Size Issue
168,11406,2025-09-15,Damaged Product
898,4343,2024-09-18,Defective Product
1610,18624,2025-10-02,Changed Mind
1102,19597,2025-05-16,Damaged Product
921,8286,2023-10-06,Defective Product
1556,12557,2023-04-21,Damaged Product
599,18445,2024-06-20,Late Delivery
1944,15285,2022-08-17,Damaged Product
258,12047,2025-02-26,Size Issue
256,15297,2024-09-18,Defective Product
728,14552,2021-11-08,Size Issue
769,2342,2023-05-25,Defective Product
1727,15529,2025-04-03,Changed Mind
1478,327,2024-03-16,Size Issue
111,5463,2024-08-20,Changed Mind
1680,12328,2024-06-11,Damaged Product
1697,6644,2021-04-15,Damaged Product
1227,16567,2023-09-28,Wrong Item Delivered
713,2106,2024-07-15,Changed Mind
1480,9415,2024-04-14,Defective Product
1020,9468,2021-10-23,Damaged Product
1161,7533,2022-08-20,Defective Product
961,16190,2022-04-21,Changed Mind
271,14675,2020-01-05,Size Issue
64,12724,2023-03-22,Size Issue
1095,9082,2025-02-24,Late Delivery
893,871,2024-04-29,Wrong Item Delivered
1296,10740,2022-09-24,Wrong Item Delivered
779,13410,2022-02-05,Damaged Product
37,7358,2023-01-07,Wrong Item Delivered
244,3983,2023-09-08,Late Delivery
83,7328,2022-10-22,Damaged Product
2120,6575,2022-10-02,Changed Mind
861,4418,2024-10-09,Defective Product
373,3549,2023-12-27,Late Delivery
2004,6323,2024-03-15,Damaged Product
1851,7066,2019-08-29,Defective Product
1362,9802,2019-04-01,Size Issue
752,10524,2023-06-19,Size Issue
1038,13666,2023-11-14,Size Issue
1235,8748,2021-05-02,Defective Product
880,16965,2021-08-16,Wrong Item Delivered
1863,16718,2022-05-13,Wrong Item Delivered
477,10620,2022-05-16,Changed Mind
226,6920,2021-05-10,Late Delivery
633,12768,2024-09-03,Changed Mind
217,3550,2025-01-24,Changed Mind
1054,10908,2024-09-29,Wrong Item Delivered
1884,10871,2022-05-20,Size Issue
181,10218,2023-04-14,Defective Product
639,5905,2025-08-16,Size Issue
45,9798,2023-06-01,Defective Product
1499,2151,2022-08-08,Late Delivery
265,17140,2025-05-22,Wrong Item Delivered
1089,19959,2024-07-19,Wrong Item Delivered
2157,4206,2019-11-19,Wrong Item Delivered
1239,12978,2024-11-14,Size Issue
2168,16142,2022-04-19,Late Delivery
851,8477,2024-03-22,Changed Mind
95,6554,2025-11-21,Defective Product
333,17458,2023-08-10,Damaged Product
2080,15499,2023-11-02,Wrong Item Delivered
375,10961,2024-11-15,Late Delivery
1422,2281,2022-04-17,Wrong Item Delivered
409,2082,2023-11-13,Wrong Item Delivered
686,19703,2024-03-03,Changed Mind
419,14213,2025-04-30,Damaged Product
1414,8292,2024-05-12,Changed Mind
145,15089,2020-10-31,Changed Mind
1575,2642,2020-06-14,Late Delivery
987,7996,2022-12-27,Changed Mind
15,8075,2021-03-28,Damaged Product
529,7108,2023-08-12,Late Delivery
392,1872,2022-10-24,Wrong Item Delivered
854,5517,2025-08-27,Size Issue
802,11617,2024-06-05,Changed Mind
1948,10416,2024-11-19,Size Issue
2127,19330,2025-04-30,Wrong Item Delivered
388,14072,2020-06-07,Damaged Product
836,3172,2024-10-23,Changed Mind
191,4041,2021-10-15,Late Delivery
1695,3453,2023-09-23,Late Delivery
365,12275,2023-08-06,Damaged Product
1160,7259,2024-03-05,Wrong Item Delivered
246,10865,2023-08-20,Changed Mind
882,18232,2025-11-12,Damaged Product
275,4449,2022-04-08,Size Issue
148,4756,2025-06-09,Late Delivery
1130,18843,2024-12-01,Wrong Item Delivered
295,18637,2023-10-25,Defective Product
325,19925,2024-11-03,Changed Mind
771,1854,2022-09-11,Late Delivery
1716,17254,2022-12-30,Size Issue
901,4301,2024-11-06,Late Delivery
2001,9291,2021-09-03,Size Issue
2054,5505,2024-08-09,Defective Product
975,14994,2025-12-27,Defective Product
104,6382,2025-08-13,Defective Product
1922,4630,2025-04-19,Changed Mind
1471,12027,2024-10-01,Wrong Item Delivered
42,7594,2024-01-23,Size Issue
1387,13940,2020-08-25,Damaged Product
378,9558,2024-12-04,Size Issue
1279,3240,2025-07-01,Damaged Product
2005,13926,2023-06-02,Defective Product
206,12953,2025-11-26,Size Issue
1069,9843,2021-07-06,Size Issue
2076,14996,2025-06-10,Late Delivery
1462,16492,2026-01-04,Defective Product
205,16228,2023-06-10,Late Delivery
1983,8946,2021-12-31,Size Issue
741,10999,2023-04-03,Damaged Product
1033,8829,2023-08-16,Changed Mind
2122,8959,2023-04-25,Wrong Item Delivered
1425,3221,2025-12-26,Late Delivery
1726,15106,2022-10-30,Changed Mind
